epoch,test/accuracy,test/accuracytop5,general/checkpoint_saved
1,12.64%,32.59%,1.0
2,22.51%,47.09%,1.0
3,30.72%,59.01%,1.0
4,34.28%,62.55%,1.0
5,39.42%,67.54%,1.0
6,39.90%,67.82%,1.0
7,41.98%,69.67%,1.0
8,41.31%,69.38%,0.0
9,41.98%,69.82%,1.0
10,43.81%,70.98%,1.0
11,42.79%,70.49%,0.0
12,43.70%,70.76%,0.0
13,46.34%,72.28%,1.0
14,45.04%,72.27%,0.0
15,46.45%,73.80%,1.0
16,45.86%,73.59%,0.0
17,46.44%,72.91%,0.0
18,45.20%,72.90%,0.0
19,48.04%,74.12%,1.0
20,46.75%,73.34%,0.0
21,45.61%,72.68%,0.0
22,48.13%,74.30%,1.0
23,47.06%,73.40%,0.0
24,45.71%,72.09%,0.0
25,48.78%,74.95%,1.0
26,45.12%,71.16%,0.0
27,49.03%,74.93%,1.0
28,49.95%,75.00%,1.0
29,49.50%,74.85%,0.0
30,46.85%,73.56%,0.0
31,45.81%,73.05%,0.0
32,48.87%,74.22%,0.0
33,47.69%,73.04%,0.0
34,48.29%,74.57%,0.0
35,49.20%,74.89%,0.0
36,46.90%,72.15%,0.0
37,47.69%,73.21%,0.0
38,47.90%,73.58%,0.0
39,47.85%,73.31%,0.0
40,48.25%,73.57%,0.0
41,47.72%,74.07%,0.0
42,49.00%,73.96%,0.0
43,46.44%,72.90%,0.0
44,47.05%,73.03%,0.0
45,48.99%,74.55%,0.0
46,49.09%,74.41%,0.0
47,49.40%,75.06%,0.0
48,48.26%,73.91%,0.0
49,48.20%,73.55%,0.0
50,47.98%,73.84%,0.0
51,48.07%,74.62%,0.0
52,48.80%,74.61%,0.0
53,49.40%,73.81%,0.0
54,48.30%,73.28%,0.0
55,50.23%,74.93%,1.0
56,48.61%,74.14%,0.0
57,49.42%,74.49%,0.0
58,48.43%,74.99%,0.0
59,48.59%,74.19%,0.0
60,49.54%,75.17%,0.0
61,49.41%,75.09%,0.0
62,49.77%,74.94%,0.0
63,48.29%,74.50%,0.0
64,48.76%,73.99%,0.0
65,48.87%,74.10%,0.0
66,49.56%,75.48%,0.0
67,47.14%,71.83%,0.0
68,50.58%,75.75%,1.0
69,48.09%,73.21%,0.0
70,49.63%,74.84%,0.0
71,49.92%,75.43%,0.0
72,48.10%,73.77%,0.0
73,47.76%,73.44%,0.0
74,48.48%,74.78%,0.0
75,48.21%,74.55%,0.0
76,48.88%,74.29%,0.0
77,50.10%,75.71%,0.0
78,49.47%,74.83%,0.0
79,49.39%,74.62%,0.0
80,51.71%,76.27%,1.0
81,49.70%,75.65%,0.0
82,48.39%,74.07%,0.0
83,49.95%,74.61%,0.0
84,46.31%,72.35%,0.0
85,46.34%,71.82%,0.0
86,46.70%,72.68%,0.0
87,48.01%,73.59%,0.0
88,50.20%,75.44%,0.0
89,50.01%,75.14%,0.0
90,49.56%,75.02%,0.0
91,49.09%,74.23%,0.0
92,49.28%,74.72%,0.0
93,50.66%,75.54%,0.0
94,49.13%,74.14%,0.0
95,48.23%,74.19%,0.0
96,49.93%,75.03%,0.0
97,49.72%,74.94%,0.0
98,50.64%,76.42%,0.0
99,50.60%,76.41%,0.0
100,49.39%,75.04%,0.0
101,48.61%,72.76%,0.0
102,50.65%,75.00%,0.0
103,49.62%,74.74%,0.0
104,48.10%,73.62%,0.0
105,48.70%,74.09%,0.0
106,49.36%,74.42%,0.0
107,48.91%,74.20%,0.0
108,49.77%,75.13%,0.0
109,48.32%,74.33%,0.0
110,47.69%,73.65%,0.0
111,49.25%,74.72%,0.0
112,47.95%,73.35%,0.0
113,49.91%,75.76%,0.0
114,49.60%,74.76%,0.0
115,50.94%,76.26%,0.0
116,49.41%,75.40%,0.0
117,49.09%,74.81%,0.0
118,50.48%,76.26%,0.0
119,50.61%,75.90%,0.0
120,49.11%,75.33%,0.0
121,49.72%,75.13%,0.0
122,49.34%,75.02%,0.0
123,48.04%,73.44%,0.0
124,48.61%,74.34%,0.0
125,49.02%,74.06%,0.0
126,47.92%,73.34%,0.0
127,49.82%,75.40%,0.0
128,49.25%,74.55%,0.0
129,48.44%,73.62%,0.0
130,48.46%,73.93%,0.0
131,50.98%,75.96%,0.0
132,49.53%,74.26%,0.0
133,52.01%,76.66%,1.0
134,49.74%,73.73%,0.0
135,49.23%,74.56%,0.0
136,48.49%,72.97%,0.0
137,50.23%,75.36%,0.0
138,49.60%,74.40%,0.0
139,45.15%,71.18%,0.0
140,49.75%,75.08%,0.0
141,49.94%,75.37%,0.0
142,49.37%,75.22%,0.0
143,51.87%,76.27%,0.0
144,49.30%,74.44%,0.0
145,48.88%,74.21%,0.0
146,49.77%,74.27%,0.0
147,50.44%,75.64%,0.0
148,50.82%,75.18%,0.0
149,47.16%,72.63%,0.0
150,51.99%,76.10%,0.0
151,50.90%,76.03%,0.0
152,49.01%,74.26%,0.0
153,48.80%,74.03%,0.0
154,50.50%,75.40%,0.0
155,49.45%,74.99%,0.0
156,48.83%,74.14%,0.0
157,50.23%,75.45%,0.0
158,48.11%,73.71%,0.0
159,48.27%,73.69%,0.0
160,49.77%,75.21%,0.0
161,50.28%,75.02%,0.0
162,49.96%,75.42%,0.0
163,50.07%,76.06%,0.0
164,51.29%,76.50%,0.0
165,48.77%,74.45%,0.0
166,50.15%,75.23%,0.0
167,49.58%,74.94%,0.0
168,50.82%,75.69%,0.0
169,50.13%,76.18%,0.0
170,49.58%,74.99%,0.0
171,48.84%,74.74%,0.0
172,49.39%,75.00%,0.0
173,47.98%,73.58%,0.0
174,48.90%,73.72%,0.0
175,49.62%,74.92%,0.0
176,52.73%,77.00%,1.0
177,48.62%,74.56%,0.0
178,48.73%,74.78%,0.0
179,48.90%,75.39%,0.0
180,50.16%,75.10%,0.0
181,50.01%,75.55%,0.0
182,51.72%,76.88%,0.0
183,48.50%,73.30%,0.0
184,49.49%,74.63%,0.0
185,51.51%,76.48%,0.0
186,51.95%,76.41%,0.0
187,49.93%,75.03%,0.0
188,48.85%,74.38%,0.0
189,48.89%,75.71%,0.0
190,48.97%,75.26%,0.0
191,49.40%,73.93%,0.0
192,50.85%,75.90%,0.0
193,50.16%,75.56%,0.0
194,51.28%,76.60%,0.0
195,50.78%,75.97%,0.0
196,49.56%,75.10%,0.0
197,48.18%,73.92%,0.0
198,50.30%,75.76%,0.0
199,50.43%,75.73%,0.0
200,49.80%,75.36%,0.0
201,48.79%,74.50%,0.0
202,50.09%,75.30%,0.0
203,50.02%,75.70%,0.0
204,49.76%,75.25%,0.0
205,49.90%,74.66%,0.0
206,50.50%,75.86%,0.0
207,47.50%,73.52%,0.0
208,47.88%,74.42%,0.0
209,49.98%,74.92%,0.0
210,49.17%,74.21%,0.0
211,49.71%,74.54%,0.0
212,49.80%,75.83%,0.0
213,49.49%,75.53%,0.0
214,51.30%,75.80%,0.0
211,50.68%,75.73%,1.0
212,49.24%,74.68%,0.0
213,48.50%,74.11%,0.0
214,50.20%,75.35%,0.0
215,48.38%,73.24%,0.0
216,50.12%,75.41%,0.0
217,49.84%,74.46%,0.0
218,50.05%,74.20%,0.0
219,51.69%,76.09%,1.0
220,50.32%,75.14%,0.0
221,51.54%,76.45%,0.0
222,51.14%,76.31%,0.0
223,50.36%,75.38%,0.0
224,51.53%,76.49%,0.0
225,47.12%,72.93%,0.0
226,49.14%,74.22%,0.0
227,49.11%,74.64%,0.0
228,47.24%,73.13%,0.0
229,50.24%,75.58%,0.0
230,52.25%,77.05%,1.0
231,49.37%,74.84%,0.0
232,50.49%,75.41%,0.0
233,50.57%,75.75%,0.0
234,51.06%,76.61%,0.0
235,49.87%,75.47%,0.0
236,47.21%,72.42%,0.0
237,51.57%,75.77%,0.0
238,49.92%,75.61%,0.0
239,48.26%,73.73%,0.0
240,48.99%,74.19%,0.0
241,48.03%,72.77%,0.0
242,50.22%,75.79%,0.0
243,47.67%,73.08%,0.0
244,48.84%,74.46%,0.0
245,48.55%,72.82%,0.0
246,49.32%,74.47%,0.0
247,49.90%,74.70%,0.0
248,51.49%,75.81%,0.0
249,50.76%,75.64%,0.0
250,49.98%,75.29%,0.0
251,49.26%,75.11%,0.0
252,49.44%,74.75%,0.0
253,49.33%,74.98%,0.0
254,50.38%,75.47%,0.0
255,50.36%,75.84%,0.0
256,52.09%,76.20%,0.0
257,50.05%,75.29%,0.0
258,48.96%,74.56%,0.0
259,49.57%,73.85%,0.0
260,51.62%,77.12%,0.0
261,46.37%,72.20%,0.0
262,49.74%,74.45%,0.0
263,50.31%,74.99%,0.0
264,48.16%,73.60%,0.0
265,49.88%,75.16%,0.0
266,50.26%,75.14%,0.0
267,48.65%,73.36%,0.0
268,46.82%,72.39%,0.0
269,50.04%,76.15%,0.0
270,50.07%,74.62%,0.0
271,50.95%,75.78%,0.0
272,51.93%,76.58%,0.0
273,50.82%,75.56%,0.0
274,49.17%,74.22%,0.0
275,47.69%,72.65%,0.0
276,51.14%,76.34%,0.0
277,48.23%,73.15%,0.0
278,47.51%,72.45%,0.0
279,49.70%,75.00%,0.0
280,49.47%,74.88%,0.0
281,50.40%,74.44%,0.0
282,51.66%,75.93%,0.0
283,50.69%,75.63%,0.0
284,50.28%,75.40%,0.0
285,51.66%,76.54%,0.0
286,50.46%,75.80%,0.0
287,50.10%,75.58%,0.0
288,48.63%,73.42%,0.0
289,50.29%,75.71%,0.0
290,50.67%,75.42%,0.0
291,50.10%,75.06%,0.0
292,48.86%,74.89%,0.0
293,51.07%,76.10%,0.0
294,52.03%,76.96%,0.0
295,48.43%,73.53%,0.0
296,51.77%,75.68%,0.0
297,48.78%,74.61%,0.0
298,52.39%,77.50%,1.0
299,49.93%,74.50%,0.0
300,50.07%,75.09%,0.0
301,48.54%,74.33%,0.0
302,50.69%,75.56%,0.0
303,51.29%,76.42%,0.0
304,50.84%,76.26%,0.0
305,50.17%,76.17%,0.0
306,49.96%,75.83%,0.0
307,50.90%,75.81%,0.0
308,50.75%,74.48%,0.0
309,47.90%,73.12%,0.0
310,51.33%,76.14%,0.0
311,50.83%,75.71%,0.0
312,49.68%,75.41%,0.0
313,50.52%,76.16%,0.0
314,49.51%,74.63%,0.0
315,50.87%,76.07%,0.0
316,47.51%,72.63%,0.0
317,47.60%,73.47%,0.0
318,49.83%,75.07%,0.0
319,49.76%,74.91%,0.0
320,51.30%,75.08%,0.0
321,50.47%,75.51%,0.0
322,49.18%,74.26%,0.0
323,51.32%,76.63%,0.0
324,48.46%,73.77%,0.0
325,49.70%,75.71%,0.0
326,49.88%,74.65%,0.0
327,50.31%,75.65%,0.0
328,49.95%,75.89%,0.0
329,50.14%,75.07%,0.0
330,49.73%,74.76%,0.0
331,49.29%,74.48%,0.0
332,50.34%,75.53%,0.0
333,50.24%,76.57%,0.0
334,50.82%,75.28%,0.0
335,50.42%,74.83%,0.0
336,48.65%,74.32%,0.0
337,50.55%,75.62%,0.0
338,51.10%,76.28%,0.0
339,51.74%,76.14%,0.0
340,49.13%,74.43%,0.0
341,50.08%,76.05%,0.0
342,48.03%,73.39%,0.0
343,47.49%,73.74%,0.0
344,52.14%,77.01%,0.0
345,47.90%,74.09%,0.0
346,50.80%,76.68%,0.0
347,49.51%,75.09%,0.0
348,50.33%,75.67%,0.0
349,49.84%,74.41%,0.0
350,50.38%,75.68%,0.0
351,51.55%,76.87%,0.0
352,50.52%,75.81%,0.0
353,51.61%,76.11%,0.0
354,51.00%,75.85%,0.0
355,48.23%,72.85%,0.0
356,49.61%,74.88%,0.0
357,50.31%,75.70%,0.0
358,49.84%,75.87%,0.0
359,50.75%,75.58%,0.0
360,50.14%,74.95%,0.0
361,48.73%,73.94%,0.0
362,50.31%,75.47%,0.0
363,50.35%,75.78%,0.0
364,50.65%,76.05%,0.0
365,47.80%,73.47%,0.0
366,49.09%,74.67%,0.0
367,49.67%,75.21%,0.0
368,49.67%,75.04%,0.0
369,51.53%,76.46%,0.0
370,51.12%,76.03%,0.0
371,48.59%,73.48%,0.0
372,48.57%,73.80%,0.0
373,50.04%,76.02%,0.0
374,49.85%,74.60%,0.0
375,51.56%,76.50%,0.0
376,53.84%,77.12%,1.0
377,49.49%,74.57%,0.0
378,52.42%,77.40%,0.0
379,50.38%,75.56%,0.0
380,51.35%,76.04%,0.0
381,48.59%,74.11%,0.0
382,49.71%,74.46%,0.0
383,50.98%,75.67%,0.0
384,50.05%,75.30%,0.0
385,48.11%,74.62%,0.0
386,49.51%,73.80%,0.0
387,51.65%,77.02%,0.0
388,51.49%,75.65%,0.0
389,50.86%,75.52%,0.0
390,47.50%,73.48%,0.0
391,50.25%,74.78%,0.0
392,51.32%,75.87%,0.0
393,49.63%,74.07%,0.0
394,48.73%,74.13%,0.0
395,49.28%,74.40%,0.0
396,51.68%,77.26%,0.0
397,50.77%,75.92%,0.0
398,51.78%,76.90%,0.0
399,51.53%,75.93%,0.0
400,51.51%,76.02%,0.0
401,50.26%,76.43%,0.0
402,51.31%,76.44%,0.0
403,50.00%,75.39%,0.0
404,47.26%,72.79%,0.0
405,50.67%,76.48%,0.0
406,49.38%,75.07%,0.0
407,50.57%,75.94%,0.0
408,50.50%,75.48%,0.0
409,51.44%,76.95%,0.0
410,49.41%,74.79%,0.0
411,50.60%,75.49%,0.0
412,49.13%,74.47%,0.0
413,50.00%,75.82%,0.0
414,50.17%,75.14%,0.0
415,50.63%,76.08%,0.0
416,50.49%,75.90%,0.0
417,49.40%,75.98%,0.0
418,49.36%,75.75%,0.0
419,51.19%,76.24%,0.0
420,51.13%,75.74%,0.0
421,50.46%,75.69%,0.0
422,49.23%,75.36%,0.0
423,48.55%,74.38%,0.0
424,45.78%,71.40%,0.0
425,50.99%,75.88%,0.0
426,50.42%,75.26%,0.0
427,52.78%,76.61%,0.0
428,50.40%,74.97%,0.0
429,50.88%,76.26%,0.0
430,48.99%,74.55%,0.0
431,48.63%,73.93%,0.0
432,50.46%,75.31%,0.0
433,49.71%,75.10%,0.0
434,48.62%,74.30%,0.0
435,51.45%,76.19%,0.0
436,49.80%,75.04%,0.0
437,51.23%,76.17%,0.0
438,51.39%,76.22%,0.0
439,52.00%,76.28%,0.0
440,49.48%,74.79%,0.0
441,48.69%,73.51%,0.0
442,51.63%,76.77%,0.0
443,51.28%,76.15%,0.0
444,50.85%,75.90%,0.0
445,51.71%,76.92%,0.0
446,48.32%,73.04%,0.0
447,50.15%,75.24%,0.0
448,51.74%,76.75%,0.0
449,48.85%,74.06%,0.0
450,49.47%,74.49%,0.0
451,50.06%,75.17%,0.0
452,51.28%,76.93%,0.0
453,52.11%,76.53%,0.0
454,49.11%,74.41%,0.0
455,50.61%,75.80%,0.0
456,49.25%,75.58%,0.0
457,50.31%,75.87%,0.0
458,51.51%,76.00%,0.0
459,51.18%,76.43%,0.0
460,48.66%,74.14%,0.0
461,51.09%,76.07%,0.0
462,50.08%,74.91%,0.0
463,49.55%,75.19%,0.0
464,49.26%,74.49%,0.0
465,48.70%,74.58%,0.0
466,49.65%,75.18%,0.0
467,52.06%,76.64%,0.0
468,49.86%,75.00%,0.0
469,51.05%,75.91%,0.0
470,51.03%,76.24%,0.0
471,51.29%,75.91%,0.0
472,48.92%,74.27%,0.0
473,48.26%,73.57%,0.0
474,50.21%,76.09%,0.0
475,48.74%,74.63%,0.0
476,52.71%,77.01%,0.0
477,50.60%,76.05%,0.0
478,48.71%,73.66%,0.0
479,49.98%,75.20%,0.0
480,50.52%,76.49%,0.0
481,49.96%,77.13%,0.0
482,48.95%,74.63%,0.0
483,49.08%,73.94%,0.0
484,51.67%,76.72%,0.0
485,49.92%,75.03%,0.0
486,51.30%,75.66%,0.0
487,50.99%,75.75%,0.0
488,48.88%,73.91%,0.0
489,50.14%,75.62%,0.0
490,49.41%,74.75%,0.0
491,49.71%,75.25%,0.0
492,49.11%,74.94%,0.0
493,48.06%,73.93%,0.0
494,48.64%,74.81%,0.0
495,52.17%,77.19%,0.0
496,49.35%,74.07%,0.0
497,49.55%,74.80%,0.0
498,50.07%,74.64%,0.0
499,49.17%,74.85%,0.0
500,48.46%,73.85%,0.0
501,50.15%,75.58%,0.0
502,51.01%,76.24%,0.0
503,50.65%,74.81%,0.0
504,49.24%,75.44%,0.0
505,49.67%,74.88%,0.0
506,48.86%,75.00%,0.0
507,50.44%,75.82%,0.0
508,50.62%,75.76%,0.0
509,51.69%,76.73%,0.0
510,49.61%,75.19%,0.0
511,49.67%,73.92%,0.0
512,49.70%,74.54%,0.0
513,50.52%,75.98%,0.0
514,49.74%,74.56%,0.0
515,49.39%,74.85%,0.0
516,48.38%,73.67%,0.0
517,51.26%,76.21%,0.0
518,51.99%,76.68%,0.0
519,50.64%,76.13%,0.0
520,49.17%,75.16%,0.0
521,50.83%,75.94%,0.0
522,50.36%,74.99%,0.0
523,49.20%,75.13%,0.0
524,50.62%,75.60%,0.0
525,50.64%,76.04%,0.0
526,50.24%,75.62%,0.0
527,49.46%,74.89%,0.0
528,50.01%,75.86%,0.0
529,51.38%,76.70%,0.0
530,51.24%,76.63%,0.0
531,47.85%,73.84%,0.0
532,50.68%,75.13%,0.0
533,48.51%,74.61%,0.0
534,49.43%,74.82%,0.0
535,51.93%,76.00%,0.0
536,47.83%,73.30%,0.0
537,50.02%,75.18%,0.0
538,48.30%,73.24%,0.0
539,49.63%,74.10%,0.0
540,50.37%,75.15%,0.0
541,50.13%,74.49%,0.0
542,48.71%,73.94%,0.0
543,52.18%,76.45%,0.0
544,48.07%,72.32%,0.0
545,50.73%,75.72%,0.0
546,51.21%,76.42%,0.0
547,50.92%,76.02%,0.0
548,51.18%,75.55%,0.0
549,48.06%,73.79%,0.0
550,49.77%,75.41%,0.0
551,51.58%,76.65%,0.0
552,49.48%,74.37%,0.0
553,47.79%,73.21%,0.0
554,49.03%,74.85%,0.0
555,49.15%,74.37%,0.0
556,51.52%,75.92%,0.0
557,49.90%,75.14%,0.0
558,48.99%,74.37%,0.0
559,50.40%,75.80%,0.0
560,47.81%,73.78%,0.0
561,51.27%,76.22%,0.0
562,50.69%,76.25%,0.0
563,51.49%,76.72%,0.0
564,52.01%,77.02%,0.0
565,51.42%,76.05%,0.0
566,48.59%,74.24%,0.0
567,51.66%,76.61%,0.0
568,50.26%,75.75%,0.0
569,48.54%,73.49%,0.0
570,50.03%,75.12%,0.0
571,47.79%,73.35%,0.0
572,49.37%,75.03%,0.0
573,51.15%,75.86%,0.0
574,51.17%,76.05%,0.0
575,51.74%,76.65%,0.0
576,49.82%,74.62%,0.0
577,50.03%,74.88%,0.0
578,48.46%,74.40%,0.0
579,50.29%,74.58%,0.0
580,50.98%,76.03%,0.0
581,45.58%,71.22%,0.0
582,51.02%,75.30%,0.0
583,49.12%,73.86%,0.0
584,51.25%,75.79%,0.0
585,50.33%,75.09%,0.0
586,49.58%,75.07%,0.0
587,50.75%,75.46%,0.0
588,50.96%,75.92%,0.0
589,47.35%,72.65%,0.0
590,49.42%,75.46%,0.0
591,50.35%,75.43%,0.0
592,50.42%,75.39%,0.0
593,51.30%,75.54%,0.0
594,49.97%,75.61%,0.0
595,47.76%,73.44%,0.0
596,49.72%,74.53%,0.0
597,49.85%,74.68%,0.0
598,50.08%,75.40%,0.0
599,49.28%,74.76%,0.0
600,64.47%,84.72%,1.0
601,64.40%,84.97%,0.0
602,64.06%,84.98%,0.0
603,64.52%,84.62%,1.0
604,64.19%,84.38%,0.0
605,64.03%,84.35%,0.0
606,63.58%,84.09%,0.0
607,63.52%,83.84%,0.0
608,63.55%,84.07%,0.0
609,63.54%,84.22%,0.0
610,63.87%,84.03%,0.0
611,63.72%,83.91%,0.0
612,63.31%,83.72%,0.0
613,63.68%,83.72%,0.0
614,63.40%,83.79%,0.0
615,63.50%,83.64%,0.0
616,63.30%,83.87%,0.0
617,63.83%,83.67%,0.0
618,63.39%,83.61%,0.0
619,63.54%,83.75%,0.0
620,63.87%,83.87%,0.0
621,62.91%,83.29%,0.0
622,62.60%,83.38%,0.0
623,63.18%,83.58%,0.0
624,62.99%,83.09%,0.0
625,62.64%,82.84%,0.0
626,62.69%,82.86%,0.0
627,62.39%,82.95%,0.0
628,62.37%,82.99%,0.0
629,61.74%,82.67%,0.0
630,61.56%,82.48%,0.0
631,61.00%,81.77%,0.0
632,60.89%,82.07%,0.0
633,60.48%,81.73%,0.0
634,60.45%,81.41%,0.0
635,60.38%,81.77%,0.0
636,59.63%,81.59%,0.0
637,60.00%,81.82%,0.0
638,60.99%,82.33%,0.0
639,60.07%,81.36%,0.0
640,60.09%,81.32%,0.0
641,58.20%,80.38%,0.0
642,60.13%,81.11%,0.0
643,59.66%,81.45%,0.0
644,59.77%,81.51%,0.0
645,59.61%,81.30%,0.0
646,59.63%,81.29%,0.0
647,59.55%,81.15%,0.0
648,59.09%,81.38%,0.0
649,59.31%,81.26%,0.0
650,59.99%,80.98%,0.0
651,58.93%,80.50%,0.0
652,59.85%,81.05%,0.0
653,59.63%,81.27%,0.0
654,59.37%,80.85%,0.0
655,59.40%,81.36%,0.0
656,59.75%,81.22%,0.0
657,58.71%,80.02%,0.0
658,58.17%,80.30%,0.0
659,59.74%,81.13%,0.0
660,60.18%,81.58%,0.0
661,58.08%,79.90%,0.0
662,58.96%,80.64%,0.0
663,59.71%,80.70%,0.0
664,59.29%,80.74%,0.0
665,59.34%,80.66%,0.0
666,59.38%,80.44%,0.0
667,59.15%,80.87%,0.0
668,59.21%,81.07%,0.0
669,58.80%,80.51%,0.0
670,58.51%,80.36%,0.0
671,58.14%,80.11%,0.0
672,57.82%,80.00%,0.0
673,58.63%,80.24%,0.0
674,58.42%,80.19%,0.0
675,58.78%,80.24%,0.0
676,58.54%,79.81%,0.0
677,59.62%,80.85%,0.0
678,58.57%,80.13%,0.0
679,58.86%,80.23%,0.0
680,58.74%,79.96%,0.0
681,58.92%,80.64%,0.0
682,58.61%,80.24%,0.0
683,58.46%,80.49%,0.0
684,58.16%,79.80%,0.0
685,59.65%,80.71%,0.0
686,59.33%,80.43%,0.0
687,58.54%,80.26%,0.0
688,58.84%,80.19%,0.0
689,58.08%,79.58%,0.0
690,58.38%,79.52%,0.0
691,57.60%,79.99%,0.0
692,59.04%,80.50%,0.0
693,58.75%,80.47%,0.0
694,58.95%,80.08%,0.0
695,58.38%,79.98%,0.0
696,59.39%,80.45%,0.0
697,58.36%,80.40%,0.0
698,59.63%,80.38%,0.0
699,58.53%,79.88%,0.0
700,59.40%,80.41%,0.0
701,58.25%,79.92%,0.0
702,58.55%,80.23%,0.0
703,59.56%,80.59%,0.0
704,59.03%,80.31%,0.0
705,57.73%,79.22%,0.0
706,58.41%,79.67%,0.0
707,58.61%,79.96%,0.0
708,58.60%,79.80%,0.0
709,58.19%,79.64%,0.0
710,58.82%,79.64%,0.0
711,59.09%,80.08%,0.0
712,58.53%,79.85%,0.0
713,57.54%,79.23%,0.0
714,57.92%,79.38%,0.0
715,59.13%,80.64%,0.0
716,58.37%,80.21%,0.0
717,59.28%,80.59%,0.0
718,58.73%,80.19%,0.0
719,58.35%,79.87%,0.0
720,58.49%,79.99%,0.0
721,57.43%,79.49%,0.0
722,58.03%,79.53%,0.0
723,58.51%,80.33%,0.0
724,58.05%,79.43%,0.0
725,57.54%,79.54%,0.0
726,58.35%,80.04%,0.0
727,58.99%,80.69%,0.0
728,59.11%,80.49%,0.0
729,57.73%,80.00%,0.0
730,57.56%,79.46%,0.0
731,58.68%,80.10%,0.0
732,58.16%,80.19%,0.0
733,57.66%,78.67%,0.0
734,57.51%,79.61%,0.0
735,58.09%,80.21%,0.0
736,57.65%,79.44%,0.0
737,58.36%,79.95%,0.0
738,57.58%,79.68%,0.0
739,57.96%,79.35%,0.0
740,58.95%,80.20%,0.0
741,58.03%,79.33%,0.0
742,59.59%,80.24%,0.0
743,58.44%,80.30%,0.0
744,58.16%,79.64%,0.0
745,58.39%,79.73%,0.0
746,57.67%,79.63%,0.0
747,58.02%,79.75%,0.0
748,57.24%,79.14%,0.0
749,58.09%,79.96%,0.0
750,56.79%,79.39%,0.0
751,57.25%,79.25%,0.0
752,57.95%,79.56%,0.0
753,57.71%,79.35%,0.0
754,57.99%,79.54%,0.0
755,58.58%,80.34%,0.0
756,57.98%,79.84%,0.0
757,57.85%,79.27%,0.0
758,58.18%,80.02%,0.0
759,58.34%,79.83%,0.0
760,58.44%,80.29%,0.0
761,58.25%,79.68%,0.0
762,58.71%,80.04%,0.0
763,57.61%,79.46%,0.0
764,58.14%,80.34%,0.0
765,58.26%,79.65%,0.0
766,57.75%,79.60%,0.0
767,56.87%,78.83%,0.0
768,57.52%,79.27%,0.0
769,57.66%,79.38%,0.0
770,58.25%,79.15%,0.0
771,56.96%,79.69%,0.0
772,57.69%,79.99%,0.0
773,57.08%,78.69%,0.0
774,57.69%,79.66%,0.0
775,58.64%,80.19%,0.0
776,57.39%,79.18%,0.0
777,57.56%,79.54%,0.0
778,57.20%,78.65%,0.0
779,58.25%,79.75%,0.0
780,58.08%,79.37%,0.0
781,57.73%,79.84%,0.0
782,56.59%,78.53%,0.0
783,57.60%,79.07%,0.0
784,57.97%,79.21%,0.0
785,57.53%,79.23%,0.0
786,58.91%,79.99%,0.0
787,56.46%,79.36%,0.0
788,59.18%,80.11%,0.0
789,57.99%,79.64%,0.0
790,58.53%,80.05%,0.0
791,58.40%,79.65%,0.0
792,57.47%,79.11%,0.0
793,57.18%,79.14%,0.0
794,58.22%,79.63%,0.0
795,56.61%,78.80%,0.0
796,58.18%,79.51%,0.0
797,58.01%,80.16%,0.0
798,58.19%,80.11%,0.0
799,57.86%,80.02%,0.0
800,58.26%,80.47%,0.0
801,57.58%,79.24%,0.0
802,58.27%,80.30%,0.0
803,58.31%,78.97%,0.0
804,58.45%,79.81%,0.0
805,58.81%,79.51%,0.0
806,57.46%,79.35%,0.0
807,58.16%,79.39%,0.0
808,57.26%,79.11%,0.0
809,58.12%,79.58%,0.0
810,57.47%,78.81%,0.0
811,57.53%,79.14%,0.0
812,57.10%,78.90%,0.0
813,57.72%,79.30%,0.0
814,57.67%,79.16%,0.0
815,58.64%,79.47%,0.0
816,57.61%,79.02%,0.0
817,58.70%,80.03%,0.0
818,57.39%,79.14%,0.0
819,57.73%,79.17%,0.0
820,56.75%,79.45%,0.0
821,58.77%,79.58%,0.0
822,57.16%,78.81%,0.0
823,57.49%,79.17%,0.0
824,57.27%,78.92%,0.0
825,57.06%,78.70%,0.0
826,57.96%,79.61%,0.0
827,58.63%,79.47%,0.0
828,58.27%,79.88%,0.0
829,56.62%,78.25%,0.0
830,57.70%,78.99%,0.0
831,57.47%,79.18%,0.0
832,58.18%,79.90%,0.0
833,57.24%,79.27%,0.0
834,58.53%,79.52%,0.0
835,57.73%,79.28%,0.0
836,58.20%,79.89%,0.0
837,58.14%,79.21%,0.0
838,58.49%,80.40%,0.0
839,57.54%,79.06%,0.0
840,56.80%,79.28%,0.0
841,56.62%,78.43%,0.0
842,57.52%,78.84%,0.0
843,58.26%,80.45%,0.0
844,57.77%,79.06%,0.0
845,56.78%,78.84%,0.0
846,57.57%,78.73%,0.0
847,56.72%,78.76%,0.0
848,57.57%,79.22%,0.0
849,57.24%,79.41%,0.0
850,57.93%,79.67%,0.0
851,58.41%,79.24%,0.0
852,56.87%,78.74%,0.0
853,57.76%,79.55%,0.0
854,57.54%,78.95%,0.0
855,57.00%,78.25%,0.0
856,58.38%,79.60%,0.0
857,58.12%,79.70%,0.0
858,57.53%,79.79%,0.0
859,58.06%,79.22%,0.0
860,57.24%,78.96%,0.0
861,57.18%,79.79%,0.0
862,57.82%,79.23%,0.0
863,58.09%,79.45%,0.0
864,58.01%,79.68%,0.0
865,57.82%,79.68%,0.0
866,57.50%,78.75%,0.0
867,58.04%,79.34%,0.0
868,57.87%,79.85%,0.0
869,56.76%,79.26%,0.0
870,56.28%,78.57%,0.0
871,57.33%,78.85%,0.0
872,57.65%,78.95%,0.0
873,57.16%,79.20%,0.0
874,57.53%,78.88%,0.0
875,57.05%,78.59%,0.0
876,56.36%,78.79%,0.0
877,57.73%,79.06%,0.0
878,58.27%,80.04%,0.0
879,55.97%,78.07%,0.0
880,56.46%,79.01%,0.0
881,56.95%,78.86%,0.0
882,57.83%,79.56%,0.0
883,58.17%,79.59%,0.0
884,57.32%,78.84%,0.0
885,56.52%,79.21%,0.0
886,57.95%,79.07%,0.0
887,57.48%,79.03%,0.0
888,56.61%,78.70%,0.0
889,56.44%,78.76%,0.0
890,57.51%,79.29%,0.0
891,58.00%,79.50%,0.0
892,57.63%,79.20%,0.0
893,58.07%,80.13%,0.0
894,58.20%,79.60%,0.0
895,58.23%,80.05%,0.0
896,56.52%,79.16%,0.0
897,57.56%,79.30%,0.0
898,56.73%,78.87%,0.0
899,56.97%,78.71%,0.0
900,62.13%,82.21%,0.0
901,62.69%,82.45%,0.0
902,62.79%,82.70%,0.0
903,62.98%,82.71%,0.0
904,63.07%,82.78%,0.0
905,63.04%,82.91%,0.0
906,63.13%,82.89%,0.0
907,63.16%,82.99%,0.0
908,63.42%,82.90%,0.0
909,63.22%,83.02%,0.0
910,63.38%,82.95%,0.0
911,63.28%,83.20%,0.0
912,63.42%,83.08%,0.0
913,63.53%,83.19%,0.0
914,63.44%,83.17%,0.0
915,63.39%,83.23%,0.0
916,63.29%,83.23%,0.0
917,63.50%,83.16%,0.0
918,63.63%,83.21%,0.0
919,63.51%,83.22%,0.0
920,63.26%,83.31%,0.0
921,63.37%,83.22%,0.0
922,63.47%,83.20%,0.0
923,63.57%,83.35%,0.0
924,63.37%,83.42%,0.0
925,63.44%,83.34%,0.0
926,63.58%,83.46%,0.0
927,63.54%,83.48%,0.0
928,63.51%,83.48%,0.0
929,63.36%,83.44%,0.0
930,63.57%,83.49%,0.0
931,63.38%,83.28%,0.0
932,63.60%,83.76%,0.0
933,63.43%,83.41%,0.0
934,63.49%,83.53%,0.0
935,63.56%,83.45%,0.0
936,63.60%,83.40%,0.0
937,63.51%,83.52%,0.0
938,63.54%,83.54%,0.0
939,63.64%,83.59%,0.0
940,63.40%,83.49%,0.0
941,63.49%,83.51%,0.0
942,63.54%,83.46%,0.0
943,63.60%,83.44%,0.0
944,63.57%,83.43%,0.0
945,63.59%,83.51%,0.0
946,63.53%,83.39%,0.0
947,63.60%,83.37%,0.0
948,63.43%,83.44%,0.0
949,63.62%,83.57%,0.0
950,63.51%,83.63%,0.0
951,63.78%,83.59%,0.0
952,63.52%,83.64%,0.0
953,63.87%,83.57%,0.0
954,63.57%,83.65%,0.0
955,63.69%,83.56%,0.0
956,63.61%,83.51%,0.0
957,63.63%,83.60%,0.0
958,63.49%,83.61%,0.0
959,63.61%,83.54%,0.0
960,63.69%,83.48%,0.0
961,63.65%,83.64%,0.0
962,63.67%,83.67%,0.0
963,63.73%,83.66%,0.0
964,63.76%,83.63%,0.0
965,63.69%,83.67%,0.0
966,63.91%,83.73%,0.0
967,63.87%,83.72%,0.0
968,63.74%,83.67%,0.0
969,63.73%,83.65%,0.0
970,63.87%,83.64%,0.0
971,63.59%,83.75%,0.0
972,63.73%,83.75%,0.0
973,63.70%,83.68%,0.0
974,63.83%,83.73%,0.0
975,63.80%,83.84%,0.0
976,63.72%,83.76%,0.0
977,63.78%,83.69%,0.0
978,63.89%,83.89%,0.0
979,63.86%,83.80%,0.0
980,63.87%,83.82%,0.0
981,63.76%,83.77%,0.0
982,63.91%,83.74%,0.0
983,63.78%,83.85%,0.0
984,63.63%,83.84%,0.0
985,63.78%,83.76%,0.0
986,63.80%,83.75%,0.0
987,63.80%,83.76%,0.0
988,63.92%,83.83%,0.0
989,63.91%,83.69%,0.0
990,63.94%,83.83%,0.0
991,63.89%,83.78%,0.0
992,63.99%,83.73%,0.0
993,63.77%,83.90%,0.0
994,64.06%,83.87%,0.0
995,64.03%,83.85%,0.0
996,63.97%,83.86%,0.0
997,64.01%,83.70%,0.0
998,64.01%,83.90%,0.0
999,64.13%,83.89%,0.0
1000,63.94%,83.90%,0.0
1001,63.99%,83.90%,0.0
1002,63.95%,83.96%,0.0
1003,63.97%,83.88%,0.0
1004,64.05%,84.06%,0.0
1005,63.81%,83.78%,0.0
1006,64.13%,83.83%,0.0
1007,64.07%,83.89%,0.0
1008,63.93%,83.91%,0.0
1009,63.94%,83.72%,0.0
1010,64.04%,83.91%,0.0
1011,63.97%,83.92%,0.0
1012,64.14%,83.93%,0.0
1013,63.94%,83.97%,0.0
1014,64.02%,84.03%,0.0
1015,63.81%,83.84%,0.0
1016,64.01%,83.97%,0.0
1017,64.02%,83.94%,0.0
1018,63.84%,83.92%,0.0
1019,64.04%,83.85%,0.0
1020,63.98%,83.93%,0.0
1021,64.02%,83.96%,0.0
1022,63.98%,84.08%,0.0
1023,63.99%,83.96%,0.0
1024,63.93%,83.91%,0.0
1025,64.14%,83.92%,0.0
1026,64.06%,83.94%,0.0
1027,64.02%,83.88%,0.0
1028,64.19%,83.99%,0.0
1029,64.09%,84.08%,0.0
1030,63.94%,84.00%,0.0
1031,64.21%,83.86%,0.0
1032,63.85%,84.05%,0.0
1033,64.14%,84.05%,0.0
1034,64.12%,84.07%,0.0
1035,64.01%,83.99%,0.0
1036,64.10%,83.74%,0.0
1037,64.02%,83.73%,0.0
1038,64.22%,83.96%,0.0
1039,64.08%,83.91%,0.0
1040,64.20%,84.02%,0.0
1041,64.21%,83.93%,0.0
1042,64.09%,84.04%,0.0
1043,64.15%,83.99%,0.0
1044,64.09%,83.92%,0.0
1045,64.10%,83.95%,0.0
1046,64.13%,83.83%,0.0
1047,64.09%,83.92%,0.0
1048,64.05%,83.99%,0.0
1049,64.08%,83.96%,0.0
1050,64.24%,83.96%,0.0
1051,64.29%,83.89%,0.0
1052,64.09%,84.01%,0.0
1053,64.27%,84.01%,0.0
1054,64.26%,84.04%,0.0
1055,64.20%,84.05%,0.0
1056,64.29%,83.87%,0.0
1057,64.05%,83.85%,0.0
1058,64.22%,83.86%,0.0
1059,64.24%,83.86%,0.0
1060,64.26%,83.90%,0.0
1061,64.23%,83.81%,0.0
1062,64.09%,83.89%,0.0
1063,64.36%,83.94%,0.0
1064,64.34%,83.90%,0.0
1065,64.29%,83.86%,0.0
1066,64.27%,83.95%,0.0
1067,64.14%,83.81%,0.0
1068,64.25%,83.95%,0.0
1069,64.24%,83.86%,0.0
1070,64.22%,83.79%,0.0
1071,64.40%,83.89%,0.0
1072,64.27%,83.86%,0.0
1073,64.34%,83.97%,0.0
1074,64.25%,83.95%,0.0
1075,64.40%,83.95%,0.0
1076,64.18%,83.89%,0.0
1077,64.24%,83.79%,0.0
1078,64.23%,83.91%,0.0
1079,64.34%,83.93%,0.0
1080,64.25%,83.83%,0.0
1081,64.10%,83.84%,0.0
1082,64.29%,83.93%,0.0
1083,64.34%,83.86%,0.0
1084,64.42%,83.97%,0.0
1085,64.07%,83.76%,0.0
1086,64.20%,83.73%,0.0
1087,64.20%,83.83%,0.0
1088,64.25%,83.78%,0.0
1089,64.31%,83.94%,0.0
1090,64.40%,83.96%,0.0
1091,64.21%,84.01%,0.0
1092,64.31%,83.96%,0.0
1093,64.31%,83.93%,0.0
1094,64.31%,83.84%,0.0
1095,64.20%,83.99%,0.0
1096,64.42%,84.01%,0.0
1097,64.23%,83.91%,0.0
1098,64.10%,83.74%,0.0
1099,64.26%,83.77%,0.0
1100,64.23%,83.89%,0.0
1101,64.25%,83.74%,0.0
1102,64.32%,83.87%,0.0
1103,64.05%,83.75%,0.0
1104,64.37%,83.75%,0.0
1105,64.26%,83.72%,0.0
1106,64.13%,83.69%,0.0
1107,64.23%,83.77%,0.0
1108,64.26%,83.96%,0.0
1109,64.19%,83.72%,0.0
1110,64.38%,83.88%,0.0
1111,64.21%,83.80%,0.0
1112,64.10%,83.78%,0.0
1113,64.29%,83.75%,0.0
1114,64.15%,83.75%,0.0
1115,64.26%,83.83%,0.0
1116,64.28%,83.83%,0.0
1117,64.31%,83.75%,0.0
1118,64.22%,83.95%,0.0
1119,64.23%,83.89%,0.0
1120,64.24%,83.63%,0.0
1121,64.16%,83.79%,0.0
1122,64.27%,83.78%,0.0
1123,64.30%,83.86%,0.0
1124,64.27%,83.74%,0.0
1125,64.17%,83.63%,0.0
1126,64.26%,83.74%,0.0
1127,64.13%,83.74%,0.0
1128,64.14%,83.72%,0.0
1129,64.16%,83.70%,0.0
1130,64.11%,83.71%,0.0
1131,64.02%,83.72%,0.0
1132,64.28%,83.68%,0.0
1133,64.18%,83.77%,0.0
1134,64.18%,83.84%,0.0
1135,64.21%,83.88%,0.0
1136,64.27%,83.72%,0.0
1137,64.07%,83.55%,0.0
1138,64.21%,83.82%,0.0
1139,64.10%,83.62%,0.0
1140,64.15%,83.84%,0.0
1141,64.19%,83.90%,0.0
1142,64.08%,83.71%,0.0
1143,64.24%,83.63%,0.0
1144,64.11%,83.64%,0.0
1145,64.20%,83.66%,0.0
1146,64.32%,83.74%,0.0
1147,64.13%,83.65%,0.0
1148,64.22%,83.70%,0.0
1149,64.21%,83.79%,0.0
1150,64.16%,83.55%,0.0
1151,64.07%,83.48%,0.0
1152,64.12%,83.57%,0.0
1153,64.15%,83.75%,0.0
1154,64.01%,83.64%,0.0
1155,64.05%,83.66%,0.0
1156,64.12%,83.68%,0.0
1157,63.91%,83.68%,0.0
1158,64.18%,83.73%,0.0
1159,64.13%,83.71%,0.0
1160,63.98%,83.57%,0.0
1161,64.20%,83.47%,0.0
1162,64.16%,83.77%,0.0
1163,64.19%,83.61%,0.0
1164,64.13%,83.58%,0.0
1165,64.21%,83.53%,0.0
1166,64.17%,83.64%,0.0
1167,64.19%,83.53%,0.0
1168,64.04%,83.65%,0.0
1169,64.11%,83.57%,0.0
1170,63.96%,83.66%,0.0
1171,64.29%,83.50%,0.0
1172,64.20%,83.61%,0.0
1173,64.23%,83.64%,0.0
1174,64.16%,83.55%,0.0
1175,64.13%,83.41%,0.0
1176,64.16%,83.49%,0.0
1177,64.56%,83.64%,1.0
1178,64.40%,83.60%,0.0
1179,64.19%,83.56%,0.0
1180,64.28%,83.51%,0.0
1181,64.24%,83.48%,0.0
1182,64.23%,83.45%,0.0
1183,63.99%,83.49%,0.0
1184,64.13%,83.57%,0.0
1185,64.17%,83.42%,0.0
1186,64.18%,83.52%,0.0
1187,64.18%,83.42%,0.0
1188,64.20%,83.40%,0.0
1189,64.15%,83.42%,0.0
1190,64.19%,83.61%,0.0
1191,64.07%,83.54%,0.0
1192,64.24%,83.66%,0.0
1193,64.25%,83.63%,0.0
1194,64.20%,83.60%,0.0
1195,64.09%,83.52%,0.0
1196,64.22%,83.61%,0.0
1197,64.27%,83.52%,0.0
