epoch,test/accuracy_mean,test/accuracy_0,test/accuracy_1,test/accuracy,test/accuracytop5,general/checkpoint_saved
1,9.96%,10.63%,9.29%,11.15%,31.57%,1.0
2,20.02%,20.96%,19.07%,21.65%,49.04%,1.0
3,24.61%,25.02%,24.21%,26.80%,54.07%,1.0
4,28.82%,28.63%,29.01%,31.45%,59.94%,1.0
5,34.51%,35.25%,33.78%,37.24%,65.49%,1.0
6,34.58%,34.76%,34.40%,37.60%,65.68%,1.0
7,35.78%,34.32%,37.25%,38.75%,67.02%,1.0
8,38.93%,39.44%,38.42%,42.40%,70.25%,1.0
9,38.55%,39.36%,37.74%,41.71%,70.70%,0.0
10,40.40%,41.01%,39.78%,43.65%,71.67%,1.0
11,41.02%,41.56%,40.47%,44.07%,72.31%,1.0
12,41.15%,41.99%,40.32%,44.38%,72.48%,1.0
13,43.83%,44.58%,43.08%,47.77%,74.33%,1.0
14,42.98%,43.58%,42.38%,47.00%,73.76%,0.0
15,43.49%,43.17%,43.82%,47.54%,74.53%,0.0
16,44.25%,45.03%,43.46%,48.36%,74.95%,1.0
17,43.83%,43.82%,43.83%,48.09%,74.85%,0.0
18,43.13%,43.80%,42.46%,47.30%,74.25%,0.0
19,45.01%,45.78%,44.24%,49.18%,75.77%,1.0
20,44.98%,43.75%,46.20%,49.58%,76.11%,1.0
21,45.51%,45.76%,45.25%,49.88%,76.32%,1.0
22,44.32%,43.60%,45.04%,48.65%,75.47%,0.0
23,45.22%,45.97%,44.47%,49.24%,76.00%,0.0
24,45.26%,45.92%,44.60%,49.88%,76.09%,1.0
25,45.12%,45.43%,44.81%,49.60%,76.08%,0.0
26,45.50%,45.94%,45.07%,49.69%,76.97%,0.0
27,45.57%,44.50%,46.64%,49.68%,75.43%,0.0
28,45.82%,45.36%,46.29%,50.12%,76.91%,1.0
29,45.98%,46.52%,45.44%,50.71%,76.47%,1.0
30,44.92%,44.42%,45.43%,49.10%,75.99%,0.0
31,45.25%,45.47%,45.02%,49.58%,75.99%,0.0
32,45.95%,46.87%,45.02%,50.07%,76.70%,0.0
33,45.88%,46.97%,44.78%,50.41%,77.56%,0.0
34,46.79%,45.63%,47.95%,51.78%,77.17%,1.0
35,46.18%,45.74%,46.63%,49.97%,76.24%,0.0
36,46.76%,47.37%,46.15%,51.16%,76.59%,0.0
37,47.22%,47.49%,46.95%,51.72%,77.83%,0.0
38,46.79%,46.79%,46.79%,51.17%,77.28%,0.0
39,46.79%,45.98%,47.61%,51.62%,77.32%,0.0
40,48.70%,49.52%,47.88%,53.69%,78.67%,1.0
41,46.98%,47.04%,46.93%,51.49%,76.64%,0.0
42,47.18%,46.55%,47.81%,52.13%,77.86%,0.0
43,46.97%,46.44%,47.50%,51.29%,76.71%,0.0
44,48.10%,47.84%,48.36%,52.33%,78.66%,0.0
45,46.48%,47.09%,45.88%,51.50%,77.07%,0.0
46,47.14%,48.16%,46.12%,51.79%,77.60%,0.0
47,46.87%,46.13%,47.60%,51.14%,77.87%,0.0
48,48.32%,48.26%,48.39%,53.08%,78.55%,0.0
49,48.05%,48.79%,47.30%,52.63%,78.56%,0.0
50,47.57%,46.94%,48.19%,52.19%,77.83%,0.0
51,47.80%,48.35%,47.25%,52.66%,78.28%,0.0
52,47.15%,47.23%,47.07%,51.75%,77.54%,0.0
41,48.24%,48.60%,47.88%,53.10%,78.58%,1.0
42,47.38%,48.62%,46.14%,52.75%,77.62%,0.0
43,46.81%,46.91%,46.71%,51.14%,76.98%,0.0
44,48.41%,49.01%,47.82%,52.91%,78.75%,0.0
45,46.25%,46.39%,46.10%,50.92%,77.25%,0.0
46,46.58%,47.36%,45.80%,51.04%,76.98%,0.0
47,48.30%,47.95%,48.65%,53.02%,78.20%,0.0
48,47.61%,47.62%,47.60%,52.29%,77.07%,0.0
49,48.41%,48.39%,48.42%,53.52%,78.59%,1.0
50,48.21%,48.10%,48.33%,52.90%,77.61%,0.0
51,48.57%,49.19%,47.94%,53.02%,78.32%,0.0
52,47.12%,48.43%,45.80%,51.67%,77.07%,0.0
53,47.14%,47.21%,47.07%,51.83%,77.67%,0.0
54,49.29%,48.54%,50.03%,54.17%,78.79%,1.0
55,47.99%,48.78%,47.20%,53.37%,78.55%,0.0
56,47.35%,47.38%,47.32%,52.04%,78.11%,0.0
57,48.38%,48.26%,48.49%,52.86%,77.72%,0.0
58,48.50%,48.60%,48.40%,52.95%,78.24%,0.0
59,48.59%,49.58%,47.60%,53.55%,78.60%,0.0
60,47.73%,47.99%,47.47%,52.40%,77.49%,0.0
61,48.42%,48.29%,48.56%,53.32%,78.32%,0.0
62,46.72%,45.48%,47.96%,51.50%,77.80%,0.0
63,48.46%,49.19%,47.73%,53.30%,78.51%,0.0
64,50.10%,50.04%,50.16%,54.78%,79.28%,1.0
65,48.03%,48.09%,47.97%,52.64%,77.73%,0.0
66,47.57%,47.92%,47.22%,52.00%,77.87%,0.0
67,49.11%,49.26%,48.97%,54.07%,78.94%,0.0
68,47.84%,48.45%,47.23%,52.73%,78.12%,0.0
69,48.00%,48.34%,47.67%,53.34%,78.63%,0.0
70,47.51%,47.30%,47.73%,52.65%,78.25%,0.0
71,48.88%,50.70%,47.07%,53.69%,79.46%,0.0
72,48.86%,47.92%,49.79%,53.32%,78.62%,0.0
73,48.13%,47.50%,48.77%,52.93%,78.06%,0.0
74,48.43%,49.09%,47.77%,52.54%,78.70%,0.0
75,48.79%,48.87%,48.70%,53.09%,79.27%,0.0
76,48.15%,48.32%,47.98%,53.13%,78.29%,0.0
77,48.03%,47.93%,48.14%,52.42%,78.44%,0.0
78,48.76%,49.48%,48.03%,53.23%,78.97%,0.0
79,47.80%,48.37%,47.24%,52.87%,79.02%,0.0
80,50.01%,49.68%,50.33%,54.20%,79.35%,0.0
81,49.86%,50.34%,49.38%,55.12%,79.06%,1.0
82,47.66%,48.08%,47.24%,53.08%,78.09%,0.0
83,48.80%,49.06%,48.54%,54.02%,79.22%,0.0
84,48.77%,48.84%,48.70%,54.13%,78.63%,0.0
85,48.48%,47.28%,49.68%,53.18%,78.66%,0.0
86,49.44%,49.57%,49.31%,54.69%,79.26%,0.0
87,47.72%,47.87%,47.57%,53.18%,78.71%,0.0
88,48.27%,48.14%,48.41%,53.16%,78.65%,0.0
89,47.87%,48.35%,47.38%,53.02%,77.84%,0.0
90,48.45%,48.91%,48.00%,53.43%,78.48%,0.0
91,48.38%,48.38%,48.38%,53.49%,78.96%,0.0
92,48.62%,48.17%,49.08%,53.66%,78.97%,0.0
93,49.66%,49.20%,50.12%,54.42%,79.89%,0.0
94,48.30%,48.43%,48.17%,53.04%,78.19%,0.0
95,48.39%,48.19%,48.59%,53.34%,78.92%,0.0
96,47.69%,46.69%,48.69%,52.84%,77.65%,0.0
97,49.23%,48.54%,49.92%,54.02%,79.09%,0.0
98,48.21%,48.84%,47.59%,52.36%,78.20%,0.0
99,49.78%,49.81%,49.75%,54.97%,79.11%,0.0
100,48.58%,48.46%,48.69%,53.22%,78.85%,0.0
101,49.15%,49.33%,48.97%,54.21%,78.93%,0.0
102,48.97%,49.55%,48.39%,54.18%,79.29%,0.0
103,48.39%,47.27%,49.51%,53.58%,78.96%,0.0
104,48.75%,48.23%,49.27%,53.84%,78.83%,0.0
105,50.28%,50.24%,50.32%,55.08%,79.18%,0.0
106,48.52%,48.96%,48.08%,53.40%,78.32%,0.0
107,49.85%,50.10%,49.61%,55.05%,79.58%,0.0
108,48.07%,49.72%,46.41%,53.74%,78.07%,0.0
109,48.86%,47.16%,50.56%,54.89%,79.20%,0.0
110,49.72%,49.72%,49.73%,55.03%,79.23%,0.0
111,49.94%,50.32%,49.56%,54.49%,79.77%,0.0
112,48.30%,49.02%,47.57%,53.46%,77.97%,0.0
113,45.97%,45.47%,46.46%,51.24%,76.59%,0.0
114,49.06%,48.97%,49.14%,54.51%,79.40%,0.0
115,48.87%,48.80%,48.94%,53.61%,78.81%,0.0
116,50.20%,50.42%,49.98%,55.17%,79.44%,1.0
117,49.38%,49.24%,49.51%,53.91%,78.83%,0.0
118,48.18%,47.55%,48.80%,53.11%,77.86%,0.0
119,49.20%,48.72%,49.67%,54.15%,78.86%,0.0
120,49.08%,49.55%,48.60%,53.59%,79.52%,0.0
121,49.98%,49.98%,49.97%,55.06%,79.43%,0.0
122,49.02%,48.92%,49.11%,53.79%,78.91%,0.0
123,50.01%,49.53%,50.49%,55.20%,80.29%,1.0
124,49.54%,49.48%,49.60%,54.90%,79.10%,0.0
125,49.70%,49.29%,50.11%,54.69%,79.59%,0.0
126,49.65%,50.13%,49.17%,54.85%,79.71%,0.0
127,49.33%,49.16%,49.51%,54.59%,79.27%,0.0
128,49.93%,50.00%,49.87%,55.26%,79.56%,1.0
129,49.13%,48.86%,49.41%,53.68%,78.96%,0.0
130,49.98%,51.39%,48.56%,54.88%,78.97%,0.0
131,48.84%,48.95%,48.74%,53.85%,78.35%,0.0
132,48.99%,49.66%,48.33%,53.97%,79.59%,0.0
133,48.93%,49.55%,48.31%,54.26%,79.20%,0.0
134,49.70%,50.46%,48.93%,54.58%,78.71%,0.0
135,49.25%,49.01%,49.50%,54.45%,79.53%,0.0
136,47.76%,46.96%,48.55%,52.72%,78.05%,0.0
137,49.41%,50.38%,48.43%,54.12%,78.86%,0.0
138,47.85%,49.22%,46.48%,52.89%,77.75%,0.0
139,49.99%,50.29%,49.70%,55.36%,79.45%,1.0
140,50.19%,50.17%,50.20%,55.81%,79.89%,1.0
141,48.23%,48.03%,48.43%,52.87%,78.45%,0.0
142,49.44%,49.58%,49.30%,54.74%,79.30%,0.0
143,49.29%,49.80%,48.77%,54.52%,79.01%,0.0
144,49.77%,49.98%,49.56%,54.86%,79.30%,0.0
145,50.48%,50.08%,50.89%,55.70%,80.34%,0.0
146,49.12%,48.20%,50.04%,54.58%,79.10%,0.0
147,49.09%,50.25%,47.93%,53.84%,78.49%,0.0
148,49.41%,50.30%,48.53%,55.11%,80.01%,0.0
149,49.13%,49.03%,49.23%,53.88%,78.78%,0.0
150,47.77%,48.47%,47.07%,53.09%,77.98%,0.0
151,49.06%,49.48%,48.64%,54.04%,79.04%,0.0
152,48.88%,48.49%,49.27%,53.51%,78.30%,0.0
153,49.41%,48.99%,49.84%,54.39%,79.08%,0.0
154,49.36%,50.15%,48.57%,54.46%,79.44%,0.0
155,50.33%,50.49%,50.17%,55.52%,80.02%,0.0
156,49.35%,49.61%,49.09%,54.43%,78.92%,0.0
157,49.70%,50.65%,48.76%,55.15%,79.20%,0.0
158,49.07%,49.01%,49.13%,54.20%,78.95%,0.0
159,50.40%,50.17%,50.62%,54.98%,79.95%,0.0
160,48.91%,47.95%,49.87%,53.82%,78.69%,0.0
161,49.17%,48.38%,49.95%,54.45%,79.13%,0.0
162,49.90%,50.08%,49.71%,54.94%,79.73%,0.0
163,47.76%,46.64%,48.87%,52.94%,78.88%,0.0
164,49.66%,50.34%,48.99%,54.59%,79.70%,0.0
165,46.42%,46.90%,45.95%,52.38%,76.99%,0.0
166,48.55%,47.82%,49.28%,54.43%,79.16%,0.0
167,46.74%,45.80%,47.67%,52.46%,77.88%,0.0
168,49.75%,50.43%,49.07%,54.75%,79.24%,0.0
169,50.71%,51.44%,49.98%,56.16%,79.56%,1.0
170,48.66%,48.56%,48.76%,54.50%,78.68%,0.0
171,51.08%,50.98%,51.17%,56.12%,80.03%,0.0
172,49.08%,49.11%,49.04%,54.11%,79.45%,0.0
173,50.18%,48.61%,51.76%,55.04%,80.00%,0.0
174,49.10%,48.52%,49.69%,54.62%,79.07%,0.0
175,51.23%,52.20%,50.25%,56.49%,80.78%,1.0
176,48.62%,48.79%,48.46%,53.88%,78.49%,0.0
177,49.60%,48.62%,50.58%,55.12%,79.53%,0.0
178,49.58%,49.90%,49.26%,54.20%,79.22%,0.0
179,48.99%,48.23%,49.76%,53.69%,79.33%,0.0
180,49.11%,48.89%,49.33%,54.05%,79.18%,0.0
181,48.48%,48.79%,48.18%,53.46%,78.82%,0.0
182,50.14%,50.01%,50.27%,55.20%,79.17%,0.0
183,50.40%,50.49%,50.31%,56.30%,79.73%,0.0
184,50.45%,49.97%,50.94%,55.45%,80.13%,0.0
185,49.29%,49.43%,49.15%,54.45%,79.04%,0.0
186,50.63%,50.98%,50.27%,55.77%,80.42%,0.0
187,49.53%,49.82%,49.24%,54.13%,78.87%,0.0
188,50.01%,50.38%,49.63%,54.58%,78.59%,0.0
189,47.56%,47.95%,47.17%,52.18%,77.60%,0.0
190,49.69%,49.93%,49.45%,54.61%,79.62%,0.0
191,49.58%,49.47%,49.68%,54.38%,79.07%,0.0
192,50.03%,51.26%,48.81%,55.47%,80.10%,0.0
193,49.95%,49.57%,50.33%,55.36%,79.95%,0.0
194,49.59%,49.23%,49.96%,55.26%,79.66%,0.0
195,48.55%,48.12%,48.98%,53.67%,78.23%,0.0
196,49.40%,49.02%,49.77%,54.68%,79.24%,0.0
197,51.12%,50.81%,51.43%,55.77%,80.51%,0.0
198,49.38%,49.61%,49.14%,54.81%,79.53%,0.0
199,50.18%,50.30%,50.06%,55.17%,79.57%,0.0
200,50.18%,49.34%,51.01%,55.76%,80.23%,0.0
201,49.55%,49.46%,49.64%,54.61%,79.20%,0.0
202,48.90%,49.09%,48.71%,54.17%,79.00%,0.0
203,49.63%,49.93%,49.33%,54.46%,79.82%,0.0
204,49.36%,49.63%,49.08%,54.79%,78.94%,0.0
205,49.24%,48.49%,49.99%,54.28%,79.23%,0.0
206,50.04%,49.80%,50.28%,55.28%,79.51%,0.0
207,49.87%,50.44%,49.30%,55.15%,79.43%,0.0
208,49.99%,50.50%,49.48%,55.48%,79.80%,0.0
209,48.59%,49.12%,48.05%,53.70%,78.78%,0.0
210,51.38%,51.62%,51.14%,56.97%,80.65%,1.0
211,49.02%,49.20%,48.84%,54.05%,78.93%,0.0
212,50.12%,50.02%,50.22%,54.91%,79.33%,0.0
213,49.57%,49.88%,49.25%,54.49%,78.85%,0.0
214,50.48%,49.85%,51.12%,55.58%,80.32%,0.0
215,48.54%,47.98%,49.09%,54.05%,78.78%,0.0
216,49.43%,50.14%,48.72%,54.45%,79.32%,0.0
217,49.41%,49.54%,49.29%,54.16%,79.56%,0.0
218,49.98%,50.49%,49.46%,55.76%,79.60%,0.0
219,50.58%,50.23%,50.94%,55.56%,79.71%,0.0
220,50.42%,50.08%,50.76%,55.20%,80.01%,0.0
221,50.68%,50.69%,50.66%,55.41%,80.75%,0.0
222,50.07%,49.79%,50.34%,55.24%,79.20%,0.0
223,49.29%,50.04%,48.53%,54.50%,78.92%,0.0
224,49.93%,50.53%,49.34%,54.63%,79.72%,0.0
225,51.04%,51.44%,50.64%,56.37%,80.31%,0.0
226,49.23%,49.80%,48.66%,54.67%,78.65%,0.0
227,50.18%,50.05%,50.32%,54.93%,79.33%,0.0
228,50.05%,50.15%,49.96%,55.09%,80.19%,0.0
229,51.68%,51.79%,51.57%,56.64%,80.20%,0.0
230,48.13%,48.02%,48.25%,53.53%,78.12%,0.0
231,48.80%,48.02%,49.57%,54.65%,79.14%,0.0
232,48.69%,48.65%,48.72%,54.08%,78.84%,0.0
233,48.73%,48.87%,48.60%,53.55%,78.79%,0.0
234,50.47%,50.89%,50.05%,55.66%,79.59%,0.0
235,49.92%,49.16%,50.68%,54.72%,79.40%,0.0
236,49.55%,50.02%,49.07%,54.63%,79.63%,0.0
237,48.30%,48.85%,47.76%,53.30%,78.62%,0.0
238,47.73%,47.34%,48.13%,53.13%,78.11%,0.0
239,50.89%,51.58%,50.19%,55.39%,80.25%,0.0
240,49.11%,48.55%,49.68%,54.46%,79.81%,0.0
241,49.21%,49.32%,49.11%,54.24%,79.27%,0.0
242,48.53%,48.51%,48.56%,53.76%,78.59%,0.0
243,50.50%,51.09%,49.91%,56.47%,80.35%,0.0
244,49.33%,49.63%,49.03%,54.49%,79.06%,0.0
245,51.12%,51.01%,51.24%,56.03%,80.66%,0.0
246,48.62%,49.07%,48.18%,54.09%,79.71%,0.0
247,49.63%,49.78%,49.48%,54.96%,79.49%,0.0
248,49.34%,48.90%,49.78%,54.89%,79.66%,0.0
249,50.33%,50.56%,50.11%,55.58%,79.54%,0.0
250,49.61%,50.00%,49.23%,55.14%,79.00%,0.0
251,50.02%,49.64%,50.41%,54.92%,79.08%,0.0
252,49.72%,49.78%,49.66%,54.60%,78.72%,0.0
253,49.48%,49.83%,49.14%,54.85%,78.99%,0.0
254,50.96%,50.64%,51.28%,55.66%,80.22%,0.0
255,50.07%,50.28%,49.85%,54.76%,79.47%,0.0
256,50.12%,50.40%,49.85%,55.59%,79.68%,0.0
257,49.90%,51.36%,48.43%,55.40%,79.63%,0.0
258,48.81%,50.01%,47.62%,54.28%,79.05%,0.0
259,50.23%,49.93%,50.53%,55.00%,79.56%,0.0
260,49.98%,50.31%,49.65%,54.79%,79.76%,0.0
261,49.14%,49.64%,48.64%,54.66%,78.89%,0.0
262,50.70%,51.48%,49.93%,56.00%,79.73%,0.0
263,50.21%,50.45%,49.98%,55.70%,79.58%,0.0
264,48.75%,49.25%,48.25%,53.66%,78.56%,0.0
265,49.93%,50.55%,49.31%,54.63%,79.91%,0.0
266,48.91%,49.51%,48.30%,53.26%,79.38%,0.0
267,50.14%,50.29%,49.99%,55.60%,79.95%,0.0
268,50.26%,51.00%,49.51%,55.46%,80.06%,0.0
269,48.82%,48.56%,49.09%,53.55%,79.00%,0.0
270,49.82%,49.85%,49.79%,55.02%,79.02%,0.0
271,49.08%,48.96%,49.20%,54.65%,79.04%,0.0
272,49.42%,48.67%,50.16%,53.95%,79.00%,0.0
273,49.78%,49.55%,50.00%,54.42%,79.40%,0.0
274,50.69%,50.79%,50.58%,55.82%,79.94%,0.0
275,51.41%,51.26%,51.57%,56.75%,80.49%,0.0
276,50.60%,50.89%,50.32%,55.98%,80.14%,0.0
277,51.20%,51.83%,50.58%,55.99%,81.00%,0.0
278,50.11%,50.09%,50.14%,55.43%,79.45%,0.0
279,49.12%,49.68%,48.56%,54.34%,79.09%,0.0
280,49.31%,48.82%,49.80%,54.62%,78.88%,0.0
281,50.67%,51.21%,50.13%,55.83%,80.01%,0.0
282,49.13%,50.17%,48.09%,54.26%,78.97%,0.0
283,50.72%,51.30%,50.14%,55.92%,80.39%,0.0
284,49.90%,50.71%,49.09%,55.63%,79.55%,0.0
285,48.60%,48.36%,48.84%,53.60%,78.00%,0.0
286,50.70%,52.04%,49.37%,55.78%,80.10%,0.0
287,50.45%,50.03%,50.87%,55.69%,79.80%,0.0
288,50.57%,50.33%,50.81%,55.47%,80.42%,0.0
289,49.76%,49.87%,49.65%,54.70%,79.10%,0.0
290,50.28%,50.97%,49.58%,55.42%,78.94%,0.0
291,49.39%,48.59%,50.19%,54.56%,79.34%,0.0
292,49.91%,49.09%,50.72%,55.08%,79.44%,0.0
293,51.03%,51.55%,50.52%,56.62%,80.97%,0.0
294,51.27%,51.63%,50.90%,56.15%,80.19%,0.0
295,49.67%,48.80%,50.55%,55.23%,79.12%,0.0
296,48.77%,50.32%,47.22%,53.92%,78.34%,0.0
297,48.13%,47.35%,48.91%,53.70%,77.83%,0.0
298,49.35%,49.65%,49.06%,54.34%,79.34%,0.0
299,48.12%,48.01%,48.23%,53.24%,78.21%,0.0
300,50.79%,49.36%,52.22%,56.00%,80.06%,0.0
301,49.52%,48.86%,50.18%,55.22%,80.32%,0.0
302,49.72%,49.33%,50.11%,55.19%,79.55%,0.0
303,50.58%,50.63%,50.54%,55.38%,79.64%,0.0
304,49.48%,49.31%,49.64%,54.45%,78.95%,0.0
305,48.77%,49.06%,48.48%,53.88%,79.79%,0.0
306,49.81%,49.58%,50.04%,54.77%,78.75%,0.0
307,48.91%,49.27%,48.55%,54.03%,79.04%,0.0
308,50.02%,50.31%,49.72%,54.65%,79.68%,0.0
309,50.94%,51.75%,50.14%,56.47%,80.11%,0.0
310,50.08%,50.14%,50.02%,55.43%,80.00%,0.0
311,49.63%,49.39%,49.87%,54.53%,79.04%,0.0
312,50.89%,50.36%,51.42%,56.32%,80.77%,0.0
313,48.48%,48.51%,48.44%,54.22%,79.03%,0.0
314,50.21%,50.45%,49.97%,55.12%,79.36%,0.0
315,49.79%,49.03%,50.55%,54.45%,78.83%,0.0
316,49.67%,50.04%,49.31%,55.27%,79.38%,0.0
317,48.20%,49.28%,47.13%,53.35%,78.15%,0.0
318,50.27%,49.95%,50.58%,55.45%,80.17%,0.0
319,49.42%,49.47%,49.38%,54.64%,79.67%,0.0
320,48.95%,49.62%,48.28%,54.68%,79.17%,0.0
321,50.05%,50.22%,49.88%,55.41%,79.76%,0.0
322,49.98%,50.49%,49.46%,54.64%,79.07%,0.0
323,48.68%,48.84%,48.51%,53.83%,78.72%,0.0
324,50.41%,51.45%,49.36%,55.30%,79.82%,0.0
325,50.72%,51.32%,50.13%,56.47%,79.96%,0.0
326,50.98%,50.99%,50.98%,56.10%,80.34%,0.0
327,50.42%,51.27%,49.57%,55.83%,80.12%,0.0
328,50.17%,50.47%,49.86%,55.82%,80.11%,0.0
329,49.30%,48.13%,50.47%,54.40%,79.19%,0.0
330,50.37%,49.79%,50.95%,55.36%,79.88%,0.0
331,49.61%,49.41%,49.82%,55.04%,79.38%,0.0
332,50.68%,51.12%,50.24%,55.11%,79.97%,0.0
333,48.51%,48.84%,48.18%,53.73%,78.44%,0.0
334,49.17%,49.05%,49.28%,54.10%,78.51%,0.0
335,49.41%,50.21%,48.61%,54.58%,78.62%,0.0
336,48.79%,48.98%,48.59%,54.11%,79.84%,0.0
337,49.24%,49.45%,49.03%,53.96%,79.22%,0.0
338,48.64%,48.40%,48.88%,54.09%,78.39%,0.0
339,50.51%,51.27%,49.75%,55.78%,79.86%,0.0
340,50.52%,50.67%,50.36%,55.41%,79.79%,0.0
341,51.11%,51.06%,51.15%,56.21%,80.18%,0.0
342,50.48%,50.31%,50.65%,55.51%,79.91%,0.0
343,48.36%,49.18%,47.53%,53.90%,78.68%,0.0
344,51.08%,51.72%,50.44%,56.12%,79.83%,0.0
345,50.28%,49.51%,51.05%,54.95%,80.10%,0.0
346,50.18%,51.72%,48.63%,55.54%,79.64%,0.0
347,49.28%,49.60%,48.96%,54.25%,79.30%,0.0
348,51.11%,51.81%,50.40%,56.25%,80.79%,0.0
349,49.84%,49.39%,50.29%,55.34%,79.66%,0.0
350,50.57%,51.07%,50.06%,55.69%,80.41%,0.0
351,50.20%,50.49%,49.90%,55.42%,79.71%,0.0
352,50.03%,49.23%,50.83%,55.42%,79.43%,0.0
353,49.81%,50.77%,48.85%,55.04%,79.49%,0.0
354,49.50%,49.42%,49.59%,54.67%,79.49%,0.0
355,49.44%,49.26%,49.62%,54.49%,78.76%,0.0
356,50.47%,49.80%,51.14%,56.05%,81.10%,0.0
357,49.62%,50.57%,48.68%,54.47%,78.84%,0.0
358,49.39%,48.73%,50.05%,54.63%,79.36%,0.0
359,49.73%,49.12%,50.35%,54.99%,77.93%,0.0
360,50.45%,50.97%,49.93%,56.03%,80.57%,0.0
361,50.48%,50.58%,50.38%,55.90%,80.68%,0.0
362,50.50%,49.77%,51.23%,55.94%,79.34%,0.0
363,50.13%,49.58%,50.69%,55.43%,79.93%,0.0
364,49.88%,49.84%,49.92%,54.77%,79.73%,0.0
365,50.09%,50.58%,49.60%,54.85%,79.91%,0.0
366,48.47%,48.10%,48.84%,53.60%,77.74%,0.0
367,48.80%,49.55%,48.05%,54.49%,78.82%,0.0
368,50.41%,50.32%,50.49%,55.94%,80.37%,0.0
369,50.31%,51.27%,49.35%,55.34%,79.76%,0.0
370,50.96%,51.08%,50.84%,56.49%,80.17%,0.0
371,49.41%,49.89%,48.93%,54.65%,79.87%,0.0
372,49.63%,49.56%,49.71%,54.71%,79.53%,0.0
373,50.09%,50.88%,49.31%,55.37%,79.90%,0.0
374,50.60%,51.03%,50.17%,55.72%,79.83%,0.0
375,49.25%,48.82%,49.68%,54.99%,79.92%,0.0
376,50.19%,49.74%,50.64%,55.34%,79.09%,0.0
377,50.17%,49.75%,50.58%,55.15%,79.83%,0.0
378,50.83%,49.84%,51.82%,56.10%,80.34%,0.0
379,49.85%,49.95%,49.76%,54.97%,79.87%,0.0
380,50.56%,51.44%,49.69%,55.95%,80.44%,0.0
381,48.88%,48.49%,49.28%,53.58%,78.67%,0.0
382,49.38%,49.42%,49.35%,54.62%,79.34%,0.0
383,49.30%,49.90%,48.71%,54.13%,79.07%,0.0
384,49.70%,49.24%,50.15%,55.12%,79.61%,0.0
385,50.40%,50.95%,49.85%,55.79%,80.00%,0.0
386,49.41%,48.72%,50.09%,54.48%,78.85%,0.0
387,49.37%,50.38%,48.36%,54.75%,79.41%,0.0
388,50.98%,50.97%,50.98%,56.68%,80.40%,0.0
389,49.40%,49.80%,49.00%,54.34%,79.09%,0.0
390,50.45%,50.68%,50.22%,55.39%,80.02%,0.0
391,50.32%,50.65%,50.00%,55.76%,79.57%,0.0
392,50.13%,50.76%,49.51%,55.85%,79.91%,0.0
393,50.54%,50.59%,50.49%,55.50%,80.24%,0.0
394,49.88%,48.83%,50.92%,55.06%,78.67%,0.0
395,50.13%,50.45%,49.81%,55.39%,79.95%,0.0
396,49.27%,49.70%,48.83%,54.18%,79.09%,0.0
397,50.86%,50.88%,50.84%,55.77%,79.69%,0.0
398,50.19%,50.01%,50.36%,55.06%,79.15%,0.0
399,51.72%,51.91%,51.52%,56.79%,80.32%,0.0
400,50.07%,50.05%,50.08%,55.49%,80.32%,0.0
401,50.59%,50.10%,51.08%,56.31%,80.18%,0.0
402,51.39%,51.46%,51.32%,56.85%,80.54%,0.0
403,50.70%,50.67%,50.73%,56.06%,79.84%,0.0
404,50.65%,50.63%,50.66%,55.81%,79.58%,0.0
405,50.03%,49.81%,50.25%,55.48%,79.82%,0.0
406,49.86%,50.28%,49.44%,55.14%,79.80%,0.0
407,48.95%,49.22%,48.68%,53.95%,78.58%,0.0
408,48.86%,49.22%,48.49%,53.79%,78.51%,0.0
409,48.80%,49.36%,48.23%,53.56%,78.89%,0.0
410,49.48%,51.10%,47.85%,55.36%,79.68%,0.0
411,50.14%,50.90%,49.38%,55.11%,79.96%,0.0
412,50.95%,50.57%,51.33%,56.46%,80.77%,0.0
413,49.52%,50.07%,48.96%,54.54%,79.29%,0.0
414,51.48%,50.46%,52.51%,57.09%,80.58%,1.0
415,50.58%,50.97%,50.18%,56.07%,79.98%,0.0
416,49.57%,49.93%,49.20%,54.47%,79.35%,0.0
417,50.99%,51.43%,50.55%,56.45%,80.50%,0.0
418,50.32%,49.74%,50.91%,55.02%,79.70%,0.0
419,51.84%,52.00%,51.67%,56.99%,80.91%,0.0
420,51.73%,52.22%,51.25%,56.87%,80.63%,0.0
421,49.84%,49.38%,50.29%,55.05%,79.77%,0.0
422,51.84%,52.51%,51.17%,56.47%,81.41%,0.0
423,50.08%,51.07%,49.08%,55.98%,80.55%,0.0
424,51.28%,51.22%,51.33%,56.20%,79.63%,0.0
425,49.78%,49.76%,49.79%,55.18%,79.28%,0.0
426,49.95%,49.63%,50.26%,55.24%,79.99%,0.0
427,50.38%,51.26%,49.51%,56.08%,79.71%,0.0
428,50.44%,50.88%,49.99%,55.73%,79.77%,0.0
429,50.70%,50.38%,51.02%,55.46%,79.83%,0.0
430,51.03%,51.33%,50.73%,55.88%,79.84%,0.0
431,50.41%,50.58%,50.24%,56.44%,80.68%,0.0
432,50.41%,50.42%,50.40%,55.31%,80.10%,0.0
433,49.65%,49.37%,49.92%,55.19%,79.87%,0.0
434,49.43%,48.36%,50.51%,54.78%,78.67%,0.0
435,48.19%,48.65%,47.72%,53.55%,78.86%,0.0
436,50.64%,51.78%,49.50%,55.59%,79.78%,0.0
437,49.89%,50.29%,49.48%,55.22%,79.46%,0.0
438,50.64%,50.84%,50.44%,56.19%,79.82%,0.0
439,49.65%,49.03%,50.26%,55.14%,79.45%,0.0
440,49.70%,49.50%,49.91%,54.44%,78.29%,0.0
441,49.75%,50.61%,48.89%,54.84%,79.26%,0.0
442,49.42%,49.26%,49.59%,54.58%,79.84%,0.0
443,50.23%,49.86%,50.61%,55.61%,80.27%,0.0
444,50.41%,50.21%,50.62%,54.89%,79.46%,0.0
445,48.38%,47.95%,48.80%,54.39%,79.00%,0.0
446,50.58%,49.42%,51.75%,55.66%,79.52%,0.0
447,51.09%,50.94%,51.25%,56.52%,80.67%,0.0
448,50.88%,50.53%,51.22%,55.69%,80.07%,0.0
449,49.91%,50.61%,49.21%,55.66%,79.80%,0.0
450,49.41%,49.99%,48.82%,54.28%,78.53%,0.0
451,49.48%,49.91%,49.06%,54.71%,79.06%,0.0
452,51.42%,51.73%,51.12%,56.79%,80.97%,0.0
453,50.36%,49.18%,51.55%,56.35%,80.51%,0.0
454,48.78%,49.50%,48.06%,53.92%,78.80%,0.0
455,50.10%,50.75%,49.45%,55.47%,79.90%,0.0
456,48.84%,48.45%,49.23%,54.51%,79.48%,0.0
457,49.68%,50.58%,48.77%,54.71%,79.04%,0.0
458,50.24%,49.88%,50.60%,55.68%,80.30%,0.0
459,50.42%,50.94%,49.91%,55.92%,80.06%,0.0
460,49.99%,50.29%,49.69%,55.85%,80.10%,0.0
461,49.41%,49.26%,49.57%,54.79%,79.21%,0.0
462,49.80%,49.94%,49.65%,55.33%,79.19%,0.0
463,49.80%,49.68%,49.93%,54.99%,79.84%,0.0
464,51.09%,50.89%,51.30%,56.45%,80.52%,0.0
465,50.94%,51.43%,50.46%,56.06%,80.28%,0.0
466,50.98%,51.27%,50.69%,56.48%,80.08%,0.0
467,50.40%,50.53%,50.26%,56.04%,79.76%,0.0
468,50.33%,50.50%,50.16%,55.80%,79.80%,0.0
469,50.81%,50.80%,50.83%,56.22%,80.71%,0.0
470,49.79%,50.44%,49.14%,55.64%,80.42%,0.0
471,50.32%,50.80%,49.85%,55.47%,79.90%,0.0
472,49.18%,49.73%,48.62%,54.08%,78.94%,0.0
473,50.67%,50.80%,50.54%,56.02%,79.66%,0.0
474,50.38%,49.99%,50.77%,55.39%,79.82%,0.0
475,49.67%,50.40%,48.94%,54.79%,78.69%,0.0
476,49.93%,50.20%,49.67%,54.65%,79.49%,0.0
477,48.59%,49.54%,47.64%,53.85%,78.75%,0.0
478,50.80%,51.82%,49.77%,56.51%,80.00%,0.0
479,50.92%,50.92%,50.93%,57.08%,80.90%,0.0
480,49.70%,49.82%,49.57%,55.02%,79.85%,0.0
481,50.55%,50.19%,50.92%,55.85%,80.28%,0.0
482,48.73%,48.79%,48.67%,54.19%,78.60%,0.0
483,50.16%,51.36%,48.96%,55.45%,80.00%,0.0
484,49.92%,49.37%,50.47%,55.39%,79.92%,0.0
485,49.93%,49.73%,50.13%,55.39%,78.61%,0.0
486,49.59%,50.68%,48.51%,54.82%,79.41%,0.0
487,49.37%,48.67%,50.06%,55.20%,79.21%,0.0
488,49.85%,48.98%,50.73%,55.42%,79.69%,0.0
489,49.36%,49.63%,49.08%,54.36%,78.30%,0.0
490,49.96%,50.55%,49.37%,55.37%,80.10%,0.0
491,49.64%,49.86%,49.42%,55.13%,79.65%,0.0
492,50.22%,51.12%,49.33%,55.56%,80.02%,0.0
493,50.98%,52.34%,49.63%,56.11%,80.43%,0.0
494,48.76%,49.18%,48.33%,54.31%,78.43%,0.0
495,50.13%,50.54%,49.73%,55.04%,80.03%,0.0
496,49.48%,50.31%,48.66%,54.80%,79.30%,0.0
497,48.13%,47.46%,48.80%,53.08%,78.02%,0.0
498,50.25%,50.74%,49.77%,55.73%,79.38%,0.0
499,49.50%,50.14%,48.86%,55.22%,79.88%,0.0
500,49.52%,50.54%,48.51%,54.70%,79.14%,0.0
501,50.65%,50.31%,50.98%,55.96%,80.16%,0.0
502,50.59%,51.49%,49.70%,55.97%,79.90%,0.0
503,48.80%,49.55%,48.06%,54.26%,78.82%,0.0
504,51.02%,51.41%,50.62%,55.89%,80.53%,0.0
505,49.35%,49.72%,48.98%,54.51%,79.03%,0.0
506,50.16%,50.21%,50.12%,55.56%,79.62%,0.0
507,49.53%,50.43%,48.64%,54.42%,79.77%,0.0
508,47.95%,46.84%,49.06%,53.44%,77.77%,0.0
509,49.19%,49.77%,48.60%,54.83%,79.43%,0.0
510,51.14%,51.62%,50.67%,56.34%,80.36%,0.0
511,50.46%,51.07%,49.85%,55.67%,79.81%,0.0
512,50.44%,50.56%,50.32%,55.59%,79.43%,0.0
513,50.24%,50.15%,50.33%,55.65%,79.64%,0.0
514,51.11%,50.98%,51.24%,56.30%,79.73%,0.0
515,50.12%,50.57%,49.67%,55.41%,79.93%,0.0
516,49.11%,49.66%,48.56%,54.49%,79.33%,0.0
517,50.56%,51.29%,49.83%,56.03%,80.42%,0.0
518,50.45%,50.90%,50.00%,55.16%,78.92%,0.0
519,49.99%,50.84%,49.15%,55.11%,79.71%,0.0
520,50.43%,50.51%,50.35%,55.76%,79.96%,0.0
521,49.70%,49.65%,49.74%,54.53%,80.20%,0.0
522,48.92%,49.86%,47.99%,54.44%,78.60%,0.0
523,50.46%,49.81%,51.11%,55.48%,79.95%,0.0
524,50.66%,51.51%,49.81%,55.79%,80.01%,0.0
525,49.55%,49.51%,49.60%,54.77%,79.25%,0.0
526,50.01%,50.25%,49.76%,54.67%,79.14%,0.0
527,48.78%,48.41%,49.15%,54.17%,78.52%,0.0
528,50.14%,50.90%,49.39%,55.78%,80.04%,0.0
529,50.50%,50.58%,50.41%,55.59%,80.31%,0.0
530,49.85%,50.20%,49.51%,55.18%,79.77%,0.0
531,50.09%,49.87%,50.32%,55.59%,79.50%,0.0
532,50.19%,51.20%,49.18%,54.95%,79.37%,0.0
533,50.92%,50.60%,51.24%,56.11%,80.35%,0.0
534,49.67%,50.35%,48.99%,55.03%,79.22%,0.0
535,51.08%,50.82%,51.34%,56.01%,80.40%,0.0
536,48.91%,48.99%,48.83%,54.44%,78.78%,0.0
537,49.94%,49.80%,50.07%,55.21%,79.74%,0.0
538,50.07%,49.22%,50.91%,55.42%,79.61%,0.0
539,49.76%,50.61%,48.90%,54.61%,78.99%,0.0
540,50.90%,51.21%,50.59%,56.10%,80.34%,0.0
541,50.05%,51.18%,48.92%,55.56%,80.17%,0.0
542,50.14%,49.95%,50.34%,55.26%,79.01%,0.0
543,48.58%,48.11%,49.04%,54.17%,78.19%,0.0
544,51.04%,50.34%,51.75%,56.58%,80.13%,0.0
545,50.92%,50.48%,51.37%,55.66%,79.83%,0.0
546,50.14%,50.77%,49.52%,55.89%,79.86%,0.0
547,49.62%,48.99%,50.26%,54.85%,79.44%,0.0
548,50.21%,50.57%,49.86%,55.82%,80.16%,0.0
549,49.10%,49.10%,49.11%,54.35%,78.71%,0.0
550,49.83%,49.79%,49.87%,54.50%,79.43%,0.0
551,50.29%,51.60%,48.97%,55.74%,79.71%,0.0
552,50.19%,50.41%,49.96%,55.35%,79.93%,0.0
553,51.41%,51.09%,51.72%,56.43%,80.18%,0.0
554,49.36%,49.44%,49.28%,54.32%,79.30%,0.0
555,49.89%,50.34%,49.44%,55.45%,79.05%,0.0
556,50.93%,51.23%,50.63%,56.31%,79.84%,0.0
557,49.32%,48.97%,49.67%,54.49%,78.57%,0.0
558,49.28%,49.13%,49.43%,54.28%,79.31%,0.0
559,49.95%,49.47%,50.44%,55.42%,79.53%,0.0
560,49.88%,50.99%,48.77%,55.57%,79.67%,0.0
561,50.12%,50.91%,49.33%,55.31%,79.95%,0.0
562,49.17%,48.82%,49.51%,54.93%,78.90%,0.0
563,51.16%,51.96%,50.37%,56.13%,80.55%,0.0
564,51.04%,51.75%,50.34%,56.21%,80.30%,0.0
565,49.33%,50.69%,47.97%,54.38%,78.89%,0.0
566,50.92%,50.84%,51.00%,56.02%,80.13%,0.0
567,49.73%,49.43%,50.04%,55.16%,79.69%,0.0
568,49.09%,49.78%,48.40%,54.55%,79.39%,0.0
569,50.69%,50.20%,51.17%,55.28%,79.87%,0.0
570,50.75%,51.04%,50.46%,55.90%,80.37%,0.0
571,50.44%,51.24%,49.65%,56.16%,80.05%,0.0
572,49.48%,50.25%,48.71%,55.06%,79.56%,0.0
573,50.09%,50.51%,49.68%,54.90%,80.26%,0.0
574,49.99%,49.43%,50.56%,54.81%,79.85%,0.0
575,50.37%,50.98%,49.76%,56.24%,80.25%,0.0
576,51.01%,52.18%,49.83%,55.86%,79.67%,0.0
577,50.66%,50.34%,50.98%,56.23%,80.22%,0.0
578,50.12%,49.05%,51.19%,55.48%,80.07%,0.0
579,48.55%,48.90%,48.20%,53.51%,78.68%,0.0
580,49.50%,50.80%,48.20%,54.70%,78.69%,0.0
581,49.61%,48.90%,50.33%,54.77%,78.38%,0.0
582,50.14%,49.89%,50.39%,54.82%,79.29%,0.0
583,51.48%,52.13%,50.82%,56.36%,80.44%,0.0
584,49.21%,50.18%,48.25%,54.63%,78.71%,0.0
585,48.27%,48.20%,48.35%,53.66%,78.54%,0.0
586,49.70%,50.35%,49.06%,55.06%,79.63%,0.0
587,50.62%,50.11%,51.13%,55.64%,79.79%,0.0
588,51.31%,51.29%,51.34%,56.28%,80.34%,0.0
589,48.66%,49.18%,48.14%,53.69%,78.76%,0.0
590,48.38%,48.22%,48.54%,53.62%,78.28%,0.0
591,50.39%,49.17%,51.61%,55.60%,79.96%,0.0
592,50.86%,50.28%,51.43%,55.85%,80.27%,0.0
593,51.18%,51.14%,51.22%,56.37%,79.91%,0.0
594,50.73%,50.21%,51.26%,56.19%,80.33%,0.0
595,50.51%,50.75%,50.27%,55.17%,79.15%,0.0
596,51.01%,51.77%,50.25%,56.07%,79.81%,0.0
597,50.90%,52.37%,49.43%,55.59%,80.03%,0.0
598,50.01%,49.56%,50.45%,55.19%,79.34%,0.0
599,51.04%,51.24%,50.84%,56.12%,80.55%,0.0
600,62.35%,62.52%,62.18%,65.67%,86.06%,1.0
601,62.79%,63.17%,62.40%,66.18%,86.37%,1.0
602,63.28%,63.68%,62.88%,66.46%,86.53%,1.0
603,63.35%,63.69%,63.00%,66.57%,86.47%,1.0
604,63.33%,64.01%,62.65%,66.38%,86.66%,0.0
605,63.53%,64.12%,62.95%,66.53%,86.28%,0.0
606,63.61%,63.92%,63.30%,66.69%,86.52%,1.0
607,63.31%,63.78%,62.84%,66.64%,86.41%,0.0
608,63.52%,63.65%,63.40%,66.43%,86.53%,0.0
609,63.54%,63.82%,63.26%,66.83%,86.45%,1.0
610,63.49%,63.59%,63.39%,66.58%,86.45%,0.0
611,63.38%,63.57%,63.19%,67.02%,86.36%,1.0
612,63.39%,63.71%,63.06%,66.54%,86.60%,0.0
613,63.09%,63.31%,62.87%,66.64%,86.23%,0.0
614,62.90%,63.13%,62.67%,66.49%,86.14%,0.0
615,62.98%,63.15%,62.82%,66.46%,86.11%,0.0
616,62.82%,62.95%,62.69%,66.39%,86.09%,0.0
617,63.20%,63.70%,62.71%,66.72%,86.08%,0.0
618,63.19%,63.28%,63.10%,66.66%,86.07%,0.0
619,62.59%,62.84%,62.34%,66.43%,86.17%,0.0
620,62.83%,63.28%,62.39%,66.68%,86.30%,0.0
621,62.89%,62.90%,62.87%,66.61%,86.03%,0.0
622,62.78%,62.73%,62.83%,66.38%,86.01%,0.0
623,62.76%,63.09%,62.43%,66.57%,86.05%,0.0
624,62.77%,62.77%,62.76%,66.34%,86.29%,0.0
625,62.47%,62.75%,62.20%,66.45%,86.09%,0.0
626,62.22%,62.51%,61.94%,66.10%,85.91%,0.0
627,62.64%,62.61%,62.68%,66.63%,85.97%,0.0
628,62.48%,62.29%,62.67%,66.13%,85.94%,0.0
629,62.59%,62.82%,62.37%,66.61%,85.92%,0.0
630,62.30%,62.31%,62.28%,66.43%,85.94%,0.0
631,62.25%,62.15%,62.35%,66.25%,86.04%,0.0
632,62.46%,62.60%,62.33%,66.41%,85.64%,0.0
633,61.87%,62.20%,61.54%,65.79%,85.69%,0.0
634,62.20%,62.39%,62.02%,66.27%,85.51%,0.0
635,61.83%,61.77%,61.89%,66.06%,85.39%,0.0
636,61.58%,61.57%,61.59%,65.78%,85.24%,0.0
637,61.53%,61.69%,61.36%,65.21%,85.56%,0.0
638,61.31%,61.68%,60.94%,65.35%,85.07%,0.0
639,61.22%,61.69%,60.76%,65.44%,85.26%,0.0
640,61.61%,61.73%,61.50%,65.32%,85.44%,0.0
641,61.20%,61.53%,60.87%,65.21%,85.10%,0.0
642,61.07%,61.37%,60.77%,65.24%,85.59%,0.0
643,61.24%,61.69%,60.80%,65.73%,85.22%,0.0
644,61.09%,61.17%,61.01%,65.74%,85.30%,0.0
645,60.73%,60.71%,60.75%,64.84%,85.18%,0.0
646,60.54%,60.28%,60.79%,64.86%,84.75%,0.0
647,60.55%,61.00%,60.09%,65.13%,84.87%,0.0
648,60.38%,60.59%,60.18%,65.03%,84.93%,0.0
649,60.14%,59.78%,60.49%,64.60%,85.11%,0.0
650,60.70%,61.05%,60.34%,65.33%,84.96%,0.0
651,59.90%,60.05%,59.74%,64.82%,84.50%,0.0
652,59.90%,59.93%,59.87%,65.12%,84.92%,0.0
653,60.67%,60.92%,60.43%,65.29%,84.56%,0.0
654,60.63%,61.08%,60.19%,65.39%,85.28%,0.0
655,60.30%,60.59%,60.00%,64.96%,85.00%,0.0
656,59.92%,60.13%,59.71%,64.92%,84.96%,0.0
657,59.85%,60.03%,59.67%,64.57%,84.80%,0.0
658,60.20%,60.31%,60.08%,64.51%,85.07%,0.0
659,60.36%,60.62%,60.10%,64.72%,84.89%,0.0
660,59.74%,59.62%,59.85%,64.66%,84.89%,0.0
661,59.99%,60.11%,59.87%,64.66%,84.91%,0.0
662,59.98%,59.85%,60.11%,64.63%,84.86%,0.0
663,60.02%,59.95%,60.10%,64.84%,84.81%,0.0
664,59.53%,59.83%,59.23%,64.94%,84.63%,0.0
665,59.70%,60.00%,59.41%,64.40%,84.96%,0.0
666,59.64%,59.51%,59.77%,64.32%,84.74%,0.0
667,60.36%,60.61%,60.10%,64.69%,85.03%,0.0
668,59.50%,58.98%,60.03%,64.49%,84.67%,0.0
669,59.26%,58.48%,60.04%,64.27%,84.93%,0.0
670,59.43%,59.35%,59.52%,64.27%,84.44%,0.0
671,59.82%,59.71%,59.93%,64.56%,84.54%,0.0
672,59.63%,59.77%,59.50%,64.32%,84.65%,0.0
673,60.07%,60.22%,59.92%,65.11%,84.96%,0.0
674,60.00%,60.41%,59.59%,64.51%,84.96%,0.0
675,59.59%,59.84%,59.33%,64.51%,84.48%,0.0
676,60.11%,60.45%,59.77%,64.80%,85.04%,0.0
677,59.88%,60.00%,59.77%,64.43%,84.92%,0.0
678,59.37%,59.60%,59.13%,64.42%,84.66%,0.0
679,59.54%,59.45%,59.63%,64.85%,84.61%,0.0
680,59.27%,59.03%,59.50%,64.19%,84.29%,0.0
681,59.61%,59.68%,59.55%,64.66%,84.91%,0.0
682,59.78%,59.87%,59.70%,64.20%,84.52%,0.0
683,59.77%,59.77%,59.76%,64.97%,84.55%,0.0
684,59.66%,60.07%,59.26%,64.43%,84.53%,0.0
685,59.32%,59.30%,59.34%,64.43%,84.53%,0.0
686,59.43%,59.56%,59.31%,64.30%,84.73%,0.0
687,59.27%,59.05%,59.48%,64.24%,84.43%,0.0
688,59.24%,59.43%,59.05%,64.02%,84.74%,0.0
689,59.26%,58.53%,59.98%,63.98%,84.54%,0.0
690,59.52%,59.54%,59.49%,64.33%,84.32%,0.0
691,59.80%,60.31%,59.28%,64.71%,84.52%,0.0
692,59.43%,59.63%,59.23%,64.55%,84.41%,0.0
693,58.60%,58.27%,58.93%,63.32%,84.24%,0.0
694,59.17%,58.70%,59.64%,64.30%,84.26%,0.0
695,59.22%,59.45%,59.00%,64.32%,84.37%,0.0
696,59.62%,60.14%,59.11%,64.34%,84.40%,0.0
697,59.58%,59.70%,59.46%,64.53%,84.48%,0.0
698,59.09%,58.90%,59.29%,64.04%,84.04%,0.0
699,59.23%,59.31%,59.16%,63.69%,84.22%,0.0
700,59.31%,59.52%,59.11%,64.12%,84.59%,0.0
701,58.97%,58.96%,58.98%,64.32%,84.09%,0.0
702,59.20%,59.85%,58.56%,63.85%,84.39%,0.0
703,59.42%,59.81%,59.03%,64.51%,84.66%,0.0
704,59.26%,59.21%,59.32%,64.19%,84.58%,0.0
705,59.12%,59.37%,58.86%,64.26%,84.40%,0.0
706,59.06%,58.63%,59.50%,64.04%,84.30%,0.0
707,58.78%,58.62%,58.94%,63.62%,84.19%,0.0
708,59.11%,59.34%,58.87%,64.05%,84.21%,0.0
709,59.64%,59.69%,59.60%,64.74%,84.13%,0.0
710,58.98%,58.79%,59.17%,64.20%,84.43%,0.0
711,59.39%,59.21%,59.57%,64.80%,84.29%,0.0
712,59.18%,59.35%,59.01%,64.30%,84.16%,0.0
713,58.79%,59.18%,58.40%,64.03%,83.96%,0.0
714,59.48%,59.82%,59.15%,64.32%,84.23%,0.0
715,59.16%,59.36%,58.97%,64.36%,83.97%,0.0
716,59.52%,59.09%,59.95%,64.39%,84.60%,0.0
717,58.87%,58.86%,58.88%,64.04%,83.95%,0.0
718,58.60%,58.44%,58.77%,63.85%,84.01%,0.0
719,58.76%,58.62%,58.90%,64.11%,84.24%,0.0
720,58.70%,58.17%,59.23%,63.59%,83.87%,0.0
721,58.70%,58.53%,58.87%,63.95%,84.02%,0.0
722,59.04%,59.19%,58.90%,64.04%,84.20%,0.0
723,59.05%,58.77%,59.33%,64.08%,84.50%,0.0
724,59.24%,59.48%,59.00%,63.98%,84.07%,0.0
725,58.72%,58.74%,58.70%,63.55%,84.35%,0.0
726,58.61%,58.64%,58.59%,64.25%,84.15%,0.0
727,58.96%,59.36%,58.56%,64.05%,84.03%,0.0
728,58.52%,58.76%,58.28%,63.68%,83.70%,0.0
729,58.80%,58.90%,58.71%,63.78%,84.37%,0.0
730,58.67%,58.45%,58.90%,63.63%,84.33%,0.0
731,58.73%,58.44%,59.01%,63.92%,84.22%,0.0
732,59.03%,59.17%,58.89%,64.16%,83.72%,0.0
733,58.62%,58.69%,58.55%,63.95%,83.99%,0.0
734,58.90%,58.61%,59.19%,63.49%,83.94%,0.0
735,58.81%,59.00%,58.62%,64.08%,84.07%,0.0
736,58.14%,57.82%,58.46%,63.75%,83.66%,0.0
737,58.78%,59.03%,58.53%,64.26%,83.98%,0.0
738,58.74%,58.49%,58.99%,63.86%,83.96%,0.0
739,58.41%,58.18%,58.65%,63.59%,83.75%,0.0
740,58.03%,57.72%,58.34%,63.16%,83.80%,0.0
741,58.57%,58.68%,58.46%,63.76%,83.86%,0.0
742,58.07%,58.11%,58.04%,63.87%,84.09%,0.0
743,58.90%,59.11%,58.69%,63.69%,84.13%,0.0
744,58.31%,58.32%,58.29%,63.83%,84.03%,0.0
745,58.38%,58.42%,58.35%,63.65%,83.88%,0.0
746,57.97%,58.16%,57.77%,63.70%,84.30%,0.0
747,58.44%,58.30%,58.59%,63.72%,83.88%,0.0
748,58.25%,58.17%,58.32%,63.57%,83.96%,0.0
749,58.86%,58.78%,58.93%,63.35%,84.20%,0.0
750,58.30%,58.24%,58.36%,63.66%,83.98%,0.0
751,58.76%,58.84%,58.68%,63.81%,83.58%,0.0
752,58.54%,58.49%,58.59%,63.38%,84.06%,0.0
753,58.35%,58.46%,58.24%,63.40%,83.97%,0.0
754,58.19%,57.72%,58.66%,63.37%,83.72%,0.0
755,58.10%,58.12%,58.08%,63.43%,83.60%,0.0
756,58.11%,57.57%,58.64%,63.58%,83.90%,0.0
757,58.63%,58.49%,58.77%,64.40%,84.02%,0.0
758,58.59%,58.08%,59.10%,63.78%,83.67%,0.0
759,58.04%,57.81%,58.28%,63.24%,83.98%,0.0
760,58.77%,58.39%,59.14%,64.05%,84.54%,0.0
761,58.37%,58.07%,58.66%,63.97%,83.82%,0.0
762,58.49%,58.29%,58.69%,63.66%,83.67%,0.0
763,57.95%,57.97%,57.92%,63.71%,83.65%,0.0
764,58.37%,58.35%,58.38%,63.53%,83.87%,0.0
765,58.10%,58.37%,57.82%,63.67%,83.54%,0.0
766,58.06%,57.90%,58.23%,63.80%,84.05%,0.0
767,58.40%,58.34%,58.46%,63.47%,83.89%,0.0
768,58.10%,58.16%,58.04%,63.29%,84.02%,0.0
769,58.34%,58.35%,58.34%,63.72%,84.21%,0.0
770,58.18%,58.52%,57.84%,63.38%,84.01%,0.0
771,58.18%,57.71%,58.65%,63.85%,84.02%,0.0
772,58.61%,58.49%,58.74%,63.82%,83.94%,0.0
773,57.68%,57.56%,57.80%,63.40%,83.55%,0.0
774,58.10%,58.17%,58.02%,63.15%,83.53%,0.0
775,58.01%,57.97%,58.05%,63.35%,83.63%,0.0
776,57.83%,58.05%,57.61%,63.52%,83.56%,0.0
777,57.70%,57.83%,57.56%,63.28%,83.66%,0.0
778,57.72%,57.66%,57.77%,63.36%,83.38%,0.0
779,58.44%,58.29%,58.59%,63.82%,84.00%,0.0
780,57.84%,57.91%,57.77%,63.60%,83.78%,0.0
781,57.63%,57.97%,57.30%,63.33%,83.75%,0.0
782,57.80%,57.64%,57.97%,63.24%,83.70%,0.0
783,57.83%,57.45%,58.21%,63.58%,84.05%,0.0
784,57.89%,57.80%,57.98%,63.60%,84.10%,0.0
785,58.07%,58.25%,57.90%,63.77%,84.36%,0.0
786,57.54%,57.42%,57.66%,63.00%,83.62%,0.0
787,57.90%,57.70%,58.11%,63.74%,83.82%,0.0
788,57.79%,57.62%,57.96%,63.52%,83.69%,0.0
789,58.09%,58.20%,57.99%,63.49%,83.78%,0.0
790,57.60%,57.46%,57.75%,63.06%,83.65%,0.0
791,58.19%,57.65%,58.73%,64.34%,83.86%,0.0
792,58.10%,58.27%,57.93%,63.33%,84.16%,0.0
793,58.55%,58.64%,58.45%,63.89%,84.02%,0.0
794,57.90%,57.11%,58.68%,63.44%,83.69%,0.0
795,57.80%,57.72%,57.89%,63.38%,83.86%,0.0
796,57.99%,57.92%,58.06%,63.60%,84.08%,0.0
797,57.80%,57.87%,57.73%,63.00%,83.55%,0.0
798,57.88%,58.08%,57.69%,63.09%,83.51%,0.0
799,57.48%,57.46%,57.51%,63.19%,83.39%,0.0
800,58.01%,58.22%,57.80%,63.55%,83.89%,0.0
801,57.95%,58.40%,57.51%,63.45%,84.17%,0.0
802,58.09%,58.29%,57.89%,63.37%,84.15%,0.0
803,57.99%,57.95%,58.04%,63.25%,83.86%,0.0
804,57.81%,57.88%,57.75%,63.32%,83.80%,0.0
805,58.05%,57.75%,58.34%,63.27%,83.86%,0.0
806,58.02%,58.42%,57.62%,63.60%,83.47%,0.0
807,58.02%,58.08%,57.96%,63.07%,83.96%,0.0
808,57.89%,57.82%,57.96%,63.67%,84.00%,0.0
809,57.91%,57.73%,58.08%,63.53%,83.97%,0.0
810,58.50%,58.48%,58.52%,63.52%,83.79%,0.0
811,57.39%,57.58%,57.20%,63.23%,83.32%,0.0
812,57.75%,57.66%,57.83%,63.23%,83.10%,0.0
813,57.89%,58.04%,57.73%,63.22%,83.65%,0.0
814,57.34%,56.92%,57.77%,62.82%,83.93%,0.0
815,57.63%,58.15%,57.11%,63.02%,83.62%,0.0
816,57.48%,57.48%,57.49%,63.34%,83.62%,0.0
817,58.13%,57.96%,58.29%,63.65%,83.79%,0.0
818,57.88%,58.23%,57.52%,63.61%,83.81%,0.0
819,57.30%,57.04%,57.56%,62.53%,83.48%,0.0
820,57.62%,57.82%,57.42%,63.11%,83.45%,0.0
821,57.89%,58.15%,57.62%,63.66%,83.73%,0.0
822,56.79%,56.80%,56.79%,62.89%,83.11%,0.0
823,57.95%,57.64%,58.26%,63.28%,84.07%,0.0
824,57.89%,58.08%,57.70%,63.03%,84.10%,0.0
825,57.93%,58.08%,57.77%,63.08%,83.44%,0.0
826,57.87%,57.53%,58.20%,63.34%,83.73%,0.0
827,57.96%,57.85%,58.07%,63.22%,83.82%,0.0
828,57.19%,56.64%,57.75%,63.05%,83.58%,0.0
829,57.71%,57.78%,57.63%,63.23%,83.70%,0.0
830,58.32%,58.82%,57.82%,63.57%,83.68%,0.0
831,58.00%,57.87%,58.14%,63.38%,84.03%,0.0
832,57.72%,58.08%,57.35%,62.70%,83.20%,0.0
833,57.61%,57.57%,57.65%,63.15%,84.18%,0.0
834,57.58%,57.84%,57.32%,63.20%,83.70%,0.0
835,58.03%,58.43%,57.62%,63.22%,83.30%,0.0
836,57.73%,58.24%,57.21%,63.28%,83.73%,0.0
837,57.86%,57.49%,58.23%,63.29%,84.06%,0.0
838,57.60%,57.50%,57.70%,63.44%,83.51%,0.0
839,57.48%,57.25%,57.70%,62.98%,83.49%,0.0
840,57.60%,57.72%,57.48%,63.48%,83.80%,0.0
841,57.36%,57.89%,56.82%,62.53%,83.79%,0.0
842,57.48%,57.01%,57.94%,62.86%,83.25%,0.0
843,57.72%,57.89%,57.55%,63.10%,83.62%,0.0
844,57.44%,57.28%,57.60%,62.97%,83.51%,0.0
845,57.43%,57.35%,57.51%,62.77%,83.63%,0.0
846,57.75%,57.39%,58.10%,62.67%,83.06%,0.0
847,57.79%,57.73%,57.85%,63.56%,83.51%,0.0
848,57.97%,57.98%,57.95%,63.63%,83.42%,0.0
849,57.81%,58.15%,57.47%,63.01%,83.36%,0.0
850,58.05%,58.33%,57.78%,63.49%,83.93%,0.0
851,57.63%,57.92%,57.34%,62.93%,83.43%,0.0
852,58.08%,58.46%,57.70%,63.30%,83.62%,0.0
853,57.18%,57.20%,57.16%,62.73%,83.65%,0.0
854,58.15%,58.21%,58.09%,63.58%,84.19%,0.0
855,57.57%,57.62%,57.53%,62.80%,83.51%,0.0
856,56.78%,56.72%,56.85%,62.61%,83.54%,0.0
857,57.57%,57.39%,57.75%,62.92%,83.55%,0.0
858,58.10%,58.20%,58.01%,63.23%,83.41%,0.0
859,57.76%,57.84%,57.68%,62.90%,83.15%,0.0
860,57.87%,58.13%,57.61%,63.48%,83.68%,0.0
861,57.44%,57.15%,57.73%,63.08%,83.31%,0.0
862,57.84%,57.71%,57.97%,63.63%,83.76%,0.0
863,57.50%,57.83%,57.16%,63.29%,82.98%,0.0
864,57.31%,57.25%,57.36%,63.03%,83.71%,0.0
865,57.77%,57.96%,57.59%,63.55%,83.83%,0.0
866,57.05%,57.31%,56.80%,62.85%,82.98%,0.0
867,57.74%,58.12%,57.36%,63.29%,83.30%,0.0
868,57.01%,57.55%,56.48%,62.98%,83.30%,0.0
869,57.03%,56.88%,57.18%,63.27%,83.40%,0.0
870,57.60%,57.39%,57.81%,62.80%,83.47%,0.0
871,57.55%,58.12%,56.98%,62.99%,83.40%,0.0
872,57.81%,58.07%,57.56%,63.43%,83.34%,0.0
873,57.38%,57.42%,57.33%,63.09%,83.44%,0.0
874,57.41%,57.17%,57.65%,63.20%,83.49%,0.0
875,57.86%,57.92%,57.79%,63.49%,83.31%,0.0
876,57.62%,57.05%,58.20%,63.57%,83.33%,0.0
877,57.53%,57.31%,57.75%,63.19%,83.68%,0.0
878,57.19%,57.57%,56.82%,62.64%,83.00%,0.0
879,57.37%,57.98%,56.76%,63.08%,83.66%,0.0
880,57.21%,57.19%,57.24%,62.58%,83.05%,0.0
881,57.66%,58.04%,57.29%,63.16%,83.48%,0.0
882,57.26%,57.13%,57.38%,63.30%,83.55%,0.0
883,57.32%,57.65%,56.99%,63.23%,83.19%,0.0
884,57.79%,57.18%,58.40%,63.70%,83.52%,0.0
885,57.41%,57.66%,57.17%,63.21%,83.69%,0.0
886,57.64%,57.85%,57.42%,63.64%,83.41%,0.0
887,57.07%,57.19%,56.95%,62.98%,83.89%,0.0
888,57.07%,56.72%,57.41%,62.98%,83.21%,0.0
889,57.38%,57.52%,57.25%,63.52%,83.83%,0.0
890,57.83%,57.39%,58.28%,63.01%,83.58%,0.0
891,57.34%,57.44%,57.25%,62.99%,83.67%,0.0
892,57.77%,58.30%,57.25%,63.26%,83.13%,0.0
893,57.28%,57.56%,57.00%,62.47%,83.17%,0.0
894,57.15%,57.11%,57.18%,62.92%,83.19%,0.0
895,57.55%,57.85%,57.26%,63.05%,83.38%,0.0
896,57.39%,57.55%,57.23%,62.83%,83.66%,0.0
897,57.32%,57.62%,57.01%,63.18%,82.82%,0.0
898,57.06%,57.24%,56.88%,63.22%,83.41%,0.0
899,57.10%,57.06%,57.13%,62.57%,83.21%,0.0
900,60.60%,60.93%,60.28%,65.23%,85.06%,0.0
901,61.14%,61.38%,60.90%,65.82%,85.22%,0.0
902,61.29%,61.50%,61.07%,65.99%,85.29%,0.0
903,61.41%,61.61%,61.21%,65.97%,85.17%,0.0
904,61.48%,61.75%,61.21%,65.97%,85.13%,0.0
905,61.52%,61.75%,61.28%,66.10%,85.21%,0.0
906,61.61%,61.97%,61.25%,66.28%,85.43%,0.0
907,61.66%,61.77%,61.55%,66.34%,85.32%,0.0
908,61.83%,62.14%,61.53%,66.30%,85.26%,0.0
909,61.69%,62.00%,61.38%,66.23%,85.49%,0.0
910,61.99%,62.28%,61.71%,66.11%,85.41%,0.0
911,62.10%,62.39%,61.81%,66.27%,85.40%,0.0
912,61.93%,62.29%,61.57%,66.14%,85.53%,0.0
913,62.02%,62.40%,61.63%,66.16%,85.47%,0.0
914,61.99%,62.36%,61.62%,66.24%,85.38%,0.0
915,62.24%,62.41%,62.07%,66.32%,85.40%,0.0
916,61.90%,62.26%,61.54%,66.40%,85.42%,0.0
917,62.03%,62.41%,61.65%,66.37%,85.60%,0.0
918,62.21%,62.45%,61.97%,66.35%,85.46%,0.0
919,62.01%,62.33%,61.69%,66.45%,85.41%,0.0
920,61.98%,62.41%,61.55%,66.31%,85.49%,0.0
921,62.24%,62.48%,62.01%,66.48%,85.46%,0.0
922,62.15%,62.49%,61.80%,66.59%,85.49%,0.0
923,62.14%,62.61%,61.67%,66.41%,85.57%,0.0
924,62.29%,62.69%,61.89%,66.67%,85.43%,0.0
925,62.25%,62.76%,61.74%,66.42%,85.64%,0.0
926,62.17%,62.61%,61.72%,66.57%,85.59%,0.0
927,62.29%,62.79%,61.78%,66.53%,85.54%,0.0
928,62.20%,62.52%,61.88%,66.49%,85.67%,0.0
929,62.31%,62.59%,62.04%,66.66%,85.65%,0.0
930,62.25%,62.65%,61.86%,66.47%,85.68%,0.0
931,62.44%,62.77%,62.12%,66.58%,85.58%,0.0
932,62.32%,62.61%,62.04%,66.72%,85.54%,0.0
933,62.32%,62.77%,61.87%,66.56%,85.46%,0.0
934,62.24%,62.51%,61.97%,66.61%,85.60%,0.0
935,62.34%,62.75%,61.93%,66.68%,85.57%,0.0
936,62.39%,62.69%,62.08%,66.56%,85.52%,0.0
937,62.27%,62.56%,61.97%,66.71%,85.46%,0.0
938,62.31%,62.52%,62.10%,66.68%,85.69%,0.0
939,62.56%,62.81%,62.31%,66.50%,85.49%,0.0
940,62.52%,62.80%,62.24%,66.49%,85.42%,0.0
941,62.47%,62.82%,62.13%,66.68%,85.39%,0.0
942,62.71%,63.11%,62.32%,66.75%,85.52%,0.0
943,62.41%,62.72%,62.11%,66.62%,85.54%,0.0
944,62.49%,62.89%,62.09%,66.60%,85.70%,0.0
945,62.40%,62.76%,62.03%,66.53%,85.58%,0.0
946,62.73%,63.01%,62.45%,66.72%,85.57%,0.0
947,62.65%,62.92%,62.39%,66.76%,85.65%,0.0
948,62.45%,62.75%,62.15%,66.65%,85.68%,0.0
949,62.51%,62.83%,62.19%,66.65%,85.65%,0.0
950,62.42%,62.68%,62.17%,66.59%,85.45%,0.0
951,62.64%,62.88%,62.40%,66.73%,85.55%,0.0
952,62.68%,63.05%,62.31%,66.73%,85.62%,0.0
953,62.70%,63.04%,62.36%,66.78%,85.78%,0.0
954,62.70%,63.03%,62.36%,66.64%,85.48%,0.0
955,62.69%,62.95%,62.43%,66.87%,85.75%,0.0
956,62.76%,63.05%,62.47%,66.54%,85.72%,0.0
957,62.66%,63.03%,62.30%,66.75%,85.53%,0.0
958,62.61%,63.10%,62.13%,66.71%,85.80%,0.0
959,62.79%,63.14%,62.44%,66.73%,85.52%,0.0
960,62.73%,63.02%,62.44%,66.79%,85.40%,0.0
961,62.75%,63.20%,62.29%,66.99%,85.62%,0.0
962,62.84%,63.36%,62.33%,66.89%,85.67%,0.0
963,62.93%,63.47%,62.39%,66.85%,85.56%,0.0
964,62.77%,63.38%,62.16%,66.82%,85.73%,0.0
965,62.69%,63.20%,62.18%,66.82%,85.57%,0.0
966,62.71%,63.24%,62.19%,66.96%,85.64%,0.0
967,62.71%,63.03%,62.40%,66.90%,85.68%,0.0
968,62.75%,63.09%,62.40%,66.89%,85.70%,0.0
969,62.71%,63.05%,62.38%,66.62%,85.60%,0.0
970,62.75%,63.26%,62.24%,66.44%,85.53%,0.0
971,62.67%,63.12%,62.22%,66.72%,85.75%,0.0
972,62.72%,63.27%,62.16%,66.81%,85.59%,0.0
973,62.59%,63.18%,62.00%,66.79%,85.69%,0.0
974,62.66%,63.07%,62.25%,66.90%,85.66%,0.0
975,62.56%,62.98%,62.14%,66.80%,85.74%,0.0
976,62.70%,63.23%,62.17%,66.75%,85.78%,0.0
977,62.77%,63.22%,62.32%,67.10%,85.56%,1.0
978,62.63%,63.02%,62.25%,66.86%,85.70%,0.0
979,62.64%,63.04%,62.25%,66.94%,85.74%,0.0
980,62.72%,63.03%,62.42%,67.05%,85.72%,0.0
981,62.70%,63.04%,62.37%,66.91%,85.64%,0.0
982,62.68%,63.16%,62.20%,67.13%,85.60%,1.0
983,62.66%,63.19%,62.14%,66.92%,85.88%,0.0
984,62.79%,63.16%,62.42%,66.69%,85.68%,0.0
985,62.75%,63.04%,62.46%,66.87%,85.69%,0.0
986,62.54%,63.06%,62.02%,66.96%,85.70%,0.0
987,62.73%,63.14%,62.33%,66.85%,85.87%,0.0
988,62.79%,63.23%,62.35%,66.84%,85.67%,0.0
989,62.65%,63.21%,62.10%,66.69%,85.75%,0.0
990,62.75%,63.08%,62.42%,67.12%,85.69%,0.0
991,62.80%,63.15%,62.45%,67.12%,85.74%,0.0
992,62.85%,63.20%,62.51%,67.11%,85.78%,0.0
993,62.86%,63.29%,62.43%,67.03%,85.65%,0.0
994,62.80%,63.35%,62.25%,66.71%,85.59%,0.0
995,62.83%,63.25%,62.42%,66.94%,85.61%,0.0
996,62.87%,63.48%,62.25%,66.82%,85.57%,0.0
997,62.82%,63.31%,62.34%,66.86%,85.72%,0.0
998,62.67%,63.23%,62.12%,66.93%,85.69%,0.0
999,62.98%,63.42%,62.55%,66.93%,85.71%,0.0
1000,62.73%,63.23%,62.23%,66.78%,85.79%,0.0
1001,62.91%,63.27%,62.54%,66.97%,85.68%,0.0
1002,62.81%,63.30%,62.33%,66.91%,85.72%,0.0
1003,62.76%,63.32%,62.19%,66.81%,85.69%,0.0
1004,62.75%,63.10%,62.39%,66.93%,85.70%,0.0
1005,62.92%,63.28%,62.56%,66.93%,85.46%,0.0
1006,62.86%,63.16%,62.56%,66.80%,85.71%,0.0
1007,62.73%,63.06%,62.40%,66.80%,85.75%,0.0
1008,62.80%,63.23%,62.38%,66.86%,85.65%,0.0
1009,62.87%,63.32%,62.43%,66.77%,85.79%,0.0
1010,62.87%,63.31%,62.43%,66.81%,85.74%,0.0
1011,62.89%,63.30%,62.47%,66.91%,85.60%,0.0
1012,62.72%,63.33%,62.11%,66.69%,85.58%,0.0
1013,62.92%,63.44%,62.41%,66.84%,85.68%,0.0
1014,62.76%,63.32%,62.20%,66.79%,85.65%,0.0
1015,62.81%,63.13%,62.49%,66.79%,85.88%,0.0
1016,62.83%,63.29%,62.37%,66.90%,85.73%,0.0
1017,62.80%,63.28%,62.32%,67.01%,85.81%,0.0
1018,62.79%,63.15%,62.42%,66.74%,85.69%,0.0
1019,62.73%,63.12%,62.34%,66.87%,85.67%,0.0
1020,62.86%,63.20%,62.53%,66.78%,85.74%,0.0
1021,62.84%,63.15%,62.53%,66.99%,85.75%,0.0
1022,62.75%,63.22%,62.27%,66.75%,85.57%,0.0
1023,62.76%,63.16%,62.36%,66.77%,85.59%,0.0
1024,62.69%,62.97%,62.41%,66.67%,85.55%,0.0
1025,62.73%,63.18%,62.27%,66.84%,85.81%,0.0
1026,62.87%,63.22%,62.52%,66.70%,85.46%,0.0
1027,62.83%,63.09%,62.58%,66.95%,85.69%,0.0
1028,62.78%,63.10%,62.45%,66.69%,85.52%,0.0
1029,62.79%,63.16%,62.41%,66.89%,85.77%,0.0
1030,62.91%,63.22%,62.60%,66.85%,85.62%,0.0
1031,62.95%,63.21%,62.69%,66.85%,85.74%,0.0
1032,62.81%,63.02%,62.61%,66.89%,85.63%,0.0
1033,63.01%,63.33%,62.69%,66.87%,85.69%,0.0
1034,62.90%,63.16%,62.63%,66.86%,85.73%,0.0
1035,62.86%,63.25%,62.48%,66.84%,85.79%,0.0
1036,62.87%,63.11%,62.64%,66.85%,85.64%,0.0
1037,62.98%,63.30%,62.67%,66.81%,85.64%,0.0
1038,62.86%,63.14%,62.58%,66.98%,85.75%,0.0
1039,62.86%,63.25%,62.47%,66.88%,85.73%,0.0
1040,63.09%,63.58%,62.59%,66.78%,85.68%,0.0
1041,62.99%,63.35%,62.63%,66.88%,85.60%,0.0
1042,62.91%,63.05%,62.76%,66.83%,85.65%,0.0
1043,62.80%,63.15%,62.45%,66.78%,85.83%,0.0
1044,62.89%,63.14%,62.64%,66.90%,85.69%,0.0
1045,62.98%,63.24%,62.71%,66.66%,85.67%,0.0
1046,62.88%,63.28%,62.47%,66.84%,85.74%,0.0
1047,62.88%,63.22%,62.54%,66.97%,85.63%,0.0
1048,62.92%,63.33%,62.51%,66.88%,85.77%,0.0
1049,62.79%,63.15%,62.42%,66.76%,85.68%,0.0
1050,62.89%,63.19%,62.58%,66.90%,85.80%,0.0
1051,63.01%,63.43%,62.58%,66.71%,85.69%,0.0
1052,62.79%,63.03%,62.55%,66.72%,85.69%,0.0
1053,62.91%,63.44%,62.37%,67.08%,85.72%,0.0
1054,62.95%,63.29%,62.60%,66.71%,85.57%,0.0
1055,62.84%,63.23%,62.46%,66.71%,85.82%,0.0
1056,62.75%,63.20%,62.30%,66.75%,85.64%,0.0
1057,62.83%,63.25%,62.41%,66.89%,85.76%,0.0
1058,62.98%,63.26%,62.70%,66.74%,85.66%,0.0
1059,62.89%,63.35%,62.44%,66.85%,85.59%,0.0
1060,63.01%,63.43%,62.58%,66.76%,85.68%,0.0
1061,62.92%,63.27%,62.56%,66.92%,85.73%,0.0
1062,62.87%,63.05%,62.69%,66.79%,85.64%,0.0
1063,62.60%,62.89%,62.32%,66.80%,85.81%,0.0
1064,62.86%,63.16%,62.56%,66.82%,85.80%,0.0
1065,62.73%,63.00%,62.46%,66.80%,85.74%,0.0
1066,62.92%,63.20%,62.64%,66.93%,85.86%,0.0
1067,62.92%,63.21%,62.63%,66.90%,85.74%,0.0
1068,62.90%,63.32%,62.48%,66.92%,85.83%,0.0
1069,62.82%,63.13%,62.52%,66.91%,85.64%,0.0
1070,63.09%,63.45%,62.73%,66.81%,85.56%,0.0
1071,62.79%,62.98%,62.60%,66.91%,85.64%,0.0
1072,62.87%,63.06%,62.67%,66.83%,85.92%,0.0
1073,62.83%,63.10%,62.56%,67.03%,85.82%,0.0
1074,62.87%,63.13%,62.61%,66.87%,85.69%,0.0
1075,63.04%,63.39%,62.70%,66.88%,85.80%,0.0
1076,62.83%,63.26%,62.41%,66.98%,85.94%,0.0
1077,62.93%,63.20%,62.66%,67.03%,85.76%,0.0
1078,62.79%,63.06%,62.51%,66.82%,85.78%,0.0
1079,62.71%,62.97%,62.45%,66.84%,85.71%,0.0
1080,62.70%,63.07%,62.32%,66.98%,85.74%,0.0
1081,62.80%,63.18%,62.43%,66.89%,85.93%,0.0
1082,63.00%,63.10%,62.89%,66.98%,85.88%,0.0
1081,62.76%,63.07%,62.45%,66.82%,85.63%,1.0
1082,62.81%,62.92%,62.70%,66.90%,85.85%,1.0
1083,62.86%,63.03%,62.70%,66.79%,85.73%,0.0
1084,62.91%,63.18%,62.63%,66.83%,85.69%,0.0
1085,63.04%,63.31%,62.77%,66.83%,85.63%,0.0
1086,62.92%,63.16%,62.68%,66.93%,85.79%,1.0
1087,62.90%,63.18%,62.61%,67.02%,85.68%,1.0
1088,62.89%,63.20%,62.58%,67.01%,85.78%,0.0
1089,62.90%,63.18%,62.62%,66.82%,85.73%,0.0
1090,62.88%,63.15%,62.62%,67.00%,85.81%,0.0
1091,62.70%,63.03%,62.36%,66.68%,85.62%,0.0
1092,62.78%,62.94%,62.61%,66.73%,85.66%,0.0
1093,62.85%,62.84%,62.86%,66.75%,85.76%,0.0
1094,62.82%,62.97%,62.67%,66.88%,85.68%,0.0
1095,62.91%,63.07%,62.74%,66.89%,85.68%,0.0
1096,62.85%,63.00%,62.71%,67.04%,85.68%,1.0
1097,62.83%,63.02%,62.64%,66.56%,85.74%,0.0
1098,63.02%,63.20%,62.83%,66.90%,85.63%,0.0
1099,62.88%,63.22%,62.55%,66.86%,85.73%,0.0
1100,62.91%,63.15%,62.68%,66.97%,85.83%,0.0
1101,62.91%,63.24%,62.58%,66.71%,85.79%,0.0
1102,62.93%,63.11%,62.75%,66.73%,85.77%,0.0
1103,62.71%,62.84%,62.59%,66.84%,85.81%,0.0
1104,62.75%,62.99%,62.51%,66.55%,85.53%,0.0
1105,62.85%,62.91%,62.79%,66.69%,85.73%,0.0
1106,62.70%,62.82%,62.57%,66.76%,85.80%,0.0
1107,62.65%,62.85%,62.46%,66.73%,85.69%,0.0
1108,62.78%,62.87%,62.68%,66.95%,85.60%,0.0
1109,62.91%,62.95%,62.88%,66.76%,85.77%,0.0
1110,62.96%,63.17%,62.74%,66.87%,85.58%,0.0
1111,62.89%,63.10%,62.67%,66.97%,85.68%,0.0
1112,62.95%,63.09%,62.81%,66.88%,85.75%,0.0
1113,62.77%,62.94%,62.59%,66.91%,85.79%,0.0
1114,62.86%,62.90%,62.82%,66.75%,85.61%,0.0
1115,62.82%,62.92%,62.72%,66.95%,85.74%,0.0
1116,62.65%,62.83%,62.48%,66.92%,85.60%,0.0
1117,62.88%,63.02%,62.75%,66.88%,85.73%,0.0
1118,62.75%,62.76%,62.74%,66.72%,85.75%,0.0
1119,62.81%,62.81%,62.82%,66.75%,85.59%,0.0
1120,62.91%,63.01%,62.81%,66.65%,85.66%,0.0
1121,62.84%,62.91%,62.78%,66.70%,85.60%,0.0
1122,62.97%,63.21%,62.73%,66.74%,85.67%,0.0
1123,62.84%,62.98%,62.71%,66.71%,85.65%,0.0
1124,62.80%,62.77%,62.82%,66.65%,85.50%,0.0
1125,63.00%,63.12%,62.87%,66.90%,85.56%,0.0
1126,62.77%,62.91%,62.62%,66.77%,85.59%,0.0
1127,62.78%,62.79%,62.77%,67.01%,85.69%,0.0
1128,62.85%,62.93%,62.78%,67.00%,85.60%,0.0
1129,62.76%,62.84%,62.67%,66.93%,85.68%,0.0
1130,62.79%,62.96%,62.61%,66.88%,85.70%,0.0
1131,62.91%,63.00%,62.83%,66.79%,85.64%,0.0
1132,62.72%,62.83%,62.62%,66.86%,85.52%,0.0
1133,62.70%,62.73%,62.67%,66.60%,85.54%,0.0
1134,62.67%,62.73%,62.61%,66.70%,85.56%,0.0
1135,62.80%,62.76%,62.83%,66.43%,85.72%,0.0
1136,62.84%,63.01%,62.67%,66.76%,85.70%,0.0
1137,62.80%,62.92%,62.67%,66.90%,85.76%,0.0
1138,62.82%,63.00%,62.65%,66.59%,85.70%,0.0
1139,62.72%,62.85%,62.59%,66.69%,85.60%,0.0
1140,62.85%,63.01%,62.70%,66.95%,85.66%,0.0
1141,62.77%,63.08%,62.46%,66.78%,85.68%,0.0
1142,62.98%,63.13%,62.82%,66.79%,85.47%,0.0
1143,62.93%,63.07%,62.78%,66.83%,85.62%,0.0
1144,62.95%,63.22%,62.68%,66.88%,85.38%,0.0
1145,62.91%,63.21%,62.62%,66.87%,85.83%,0.0
1146,62.87%,63.14%,62.60%,66.81%,85.71%,0.0
1147,62.82%,63.04%,62.61%,66.70%,85.72%,0.0
1148,62.63%,62.73%,62.54%,66.87%,85.70%,0.0
1149,62.58%,62.75%,62.41%,66.89%,85.58%,0.0
1150,62.75%,63.00%,62.50%,66.73%,85.70%,0.0
1151,62.88%,63.04%,62.73%,66.51%,85.65%,0.0
1152,62.98%,63.21%,62.74%,67.00%,85.78%,0.0
1153,62.90%,63.11%,62.68%,66.99%,85.59%,0.0
1154,62.77%,63.02%,62.52%,66.92%,85.71%,0.0
1155,62.96%,63.06%,62.86%,67.05%,85.56%,1.0
1156,62.80%,62.97%,62.64%,66.86%,85.81%,0.0
1157,62.90%,63.21%,62.58%,66.75%,85.66%,0.0
1158,62.90%,63.09%,62.71%,66.98%,85.66%,0.0
1159,62.89%,63.02%,62.76%,66.75%,85.43%,0.0
1160,62.73%,62.97%,62.49%,66.87%,85.63%,0.0
1161,62.88%,62.93%,62.83%,66.92%,85.56%,0.0
1162,62.76%,62.80%,62.72%,66.68%,85.56%,0.0
1163,62.84%,62.93%,62.75%,66.63%,85.52%,0.0
1164,62.93%,62.99%,62.86%,66.74%,85.82%,0.0
1165,62.78%,62.87%,62.69%,66.74%,85.67%,0.0
1166,62.80%,62.80%,62.79%,66.59%,85.66%,0.0
1167,62.80%,63.18%,62.41%,66.67%,85.33%,0.0
1168,62.89%,63.08%,62.69%,66.70%,85.69%,0.0
1169,62.72%,62.90%,62.54%,66.52%,85.53%,0.0
1170,62.81%,62.97%,62.66%,66.53%,85.51%,0.0
1171,62.80%,62.91%,62.69%,66.51%,85.68%,0.0
1172,62.79%,63.04%,62.54%,66.77%,85.56%,0.0
1173,62.68%,62.90%,62.46%,66.67%,85.49%,0.0
1174,62.55%,62.71%,62.38%,66.56%,85.42%,0.0
1175,62.76%,62.92%,62.59%,66.57%,85.52%,0.0
1176,62.52%,62.57%,62.47%,66.57%,85.57%,0.0
1177,62.88%,63.10%,62.66%,66.62%,85.74%,0.0
1178,62.74%,63.03%,62.45%,66.55%,85.69%,0.0
1179,62.66%,62.86%,62.45%,66.75%,85.57%,0.0
1180,62.58%,62.88%,62.28%,66.77%,85.53%,0.0
1181,62.61%,62.91%,62.31%,66.79%,85.75%,0.0
1182,62.61%,62.76%,62.47%,66.42%,85.60%,0.0
1183,62.44%,62.66%,62.22%,66.79%,85.71%,0.0
1184,62.42%,62.83%,62.01%,66.60%,85.77%,0.0
1185,62.45%,62.64%,62.27%,66.54%,85.74%,0.0
1186,62.48%,62.70%,62.27%,66.65%,85.71%,0.0
1187,62.53%,62.84%,62.22%,66.66%,85.59%,0.0
1188,62.58%,62.85%,62.31%,66.72%,85.60%,0.0
1189,62.65%,62.79%,62.51%,66.56%,85.51%,0.0
1190,62.38%,62.47%,62.29%,66.61%,85.44%,0.0
1191,62.56%,62.91%,62.21%,66.52%,85.61%,0.0
1192,62.45%,62.71%,62.19%,66.38%,85.60%,0.0
1193,62.73%,63.05%,62.42%,66.75%,85.72%,0.0
1194,62.60%,62.65%,62.56%,66.55%,85.55%,0.0
1195,62.62%,62.96%,62.29%,66.49%,85.77%,0.0
1196,62.48%,62.69%,62.28%,66.55%,85.76%,0.0
1197,62.45%,62.69%,62.22%,66.67%,85.55%,0.0
1198,62.72%,63.12%,62.32%,66.66%,85.70%,0.0
1199,62.68%,63.03%,62.33%,66.61%,85.57%,0.0
1200,62.62%,62.99%,62.26%,66.69%,85.60%,0.0
